ISO-10303-21;
HEADER;
FILE_DESCRIPTION (( 'STEP AP214' ),
    '1' );
FILE_NAME ('XAL5050-822MEC.STEP',
    '2024-09-02T10:01:32',
    ( '' ),
    ( '' ),
    'SwSTEP 2.0',
    'SolidWorks 2023',
    '' );
FILE_SCHEMA (( 'AUTOMOTIVE_DESIGN' ));
ENDSEC;

DATA;
#1 = UNCERTAINTY_MEASURE_WITH_UNIT (LENGTH_MEASURE( 1.000000000000000082E-05 ), #878, 'distance_accuracy_value', 'NONE');
#2 =( GEOMETRIC_REPRESENTATION_CONTEXT ( 3 ) GLOBAL_UNCERTAINTY_ASSIGNED_CONTEXT ( ( #1120 ) ) GLOBAL_UNIT_ASSIGNED_CONTEXT ( ( #1054, #2139, #135 ) ) REPRESENTATION_CONTEXT ( 'NONE', 'WORKASPACE' ) );
#3 = AXIS2_PLACEMENT_3D ( 'NONE', #158, #1465, #2404 ) ;
#4 = EDGE_LOOP ( 'NONE', ( #1482, #2167, #1811, #875, #1916 ) ) ;
#5 =( GEOMETRIC_REPRESENTATION_CONTEXT ( 3 ) GLOBAL_UNCERTAINTY_ASSIGNED_CONTEXT ( ( #1258 ) ) GLOBAL_UNIT_ASSIGNED_CONTEXT ( ( #745, #961, #2261 ) ) REPRESENTATION_CONTEXT ( 'NONE', 'WORKASPACE' ) );
#6 = SURFACE_SIDE_STYLE ('',( #434 ) ) ;
#7 = AXIS2_PLACEMENT_3D ( 'NONE', #1513, #2031, #16 ) ;
#8 = SURFACE_SIDE_STYLE ('',( #1377 ) ) ;
#9 = DIRECTION ( 'NONE',  ( -1.000000000000000000, -0.000000000000000000, 0.000000000000000000 ) ) ;
#10 = DIRECTION ( 'NONE',  ( -0.000000000000000000, -0.000000000000000000, -1.000000000000000000 ) ) ;
#11 = DIRECTION ( 'NONE',  ( 2.312964634635739999E-16, -1.000000000000000000, 0.000000000000000000 ) ) ;
#12 = SURFACE_SIDE_STYLE ('',( #1601 ) ) ;
#13 = DIRECTION ( 'NONE',  ( -1.000000000000000000, -0.000000000000000000, -0.000000000000000000 ) ) ;
#14 = EDGE_LOOP ( 'NONE', ( #2239, #227, #1837, #757, #674 ) ) ;
#15 =( LENGTH_UNIT ( ) NAMED_UNIT ( * ) SI_UNIT ( .MILLI., .METRE. ) );
#16 = DIRECTION ( 'NONE',  ( 1.000000000000000000, 0.000000000000000000, 0.000000000000000000 ) ) ;
#17 = PRODUCT_DEFINITION_SHAPE ( 'NONE', 'NONE',  #2905 ) ;
#18 = CARTESIAN_POINT ( 'NONE',  ( 1.655000000000000027, -1.665334536937730077E-15, -0.1000000000000000056 ) ) ;
#19 = ORIENTED_EDGE ( 'NONE', *, *, #2176, .T. ) ;
#20 = DIRECTION ( 'NONE',  ( -0.000000000000000000, -0.000000000000000000, -1.000000000000000000 ) ) ;
#21 = SURFACE_SIDE_STYLE ('',( #2009 ) ) ;
#22 = ORIENTED_EDGE ( 'NONE', *, *, #1237, .T. ) ;
#23 = CARTESIAN_POINT ( 'NONE',  ( 2.597735026918963186, -2.697735026918962387, 0.04226497308103737555 ) ) ;
#24 = CARTESIAN_POINT ( 'NONE',  ( -2.594088753711017326, 2.646948992645572929, -0.01216733440029733014 ) ) ;
#25 =( LENGTH_UNIT ( ) NAMED_UNIT ( * ) SI_UNIT ( .MILLI., .METRE. ) );
#26 = CARTESIAN_POINT ( 'NONE',  ( -1.155000000000000027, 2.100000000000000089, 0.000000000000000000 ) ) ;
#27 = EDGE_CURVE ( 'NONE', #2742, #2231, #908, .T. ) ;
#28 = UNCERTAINTY_MEASURE_WITH_UNIT (LENGTH_MEASURE( 1.000000000000000082E-05 ), #2075, 'distance_accuracy_value', 'NONE');
#29 = SURFACE_SIDE_STYLE ('',( #2253 ) ) ;
#30 = EDGE_CURVE ( 'NONE', #938, #1853, #1776, .T. ) ;
#31 = VERTEX_POINT ( 'NONE', #2463 ) ;
#32 = FACE_OUTER_BOUND ( 'NONE', #1704, .T. ) ;
#33 = DIRECTION ( 'NONE',  ( 0.000000000000000000, -1.000000000000000000, 0.000000000000000000 ) ) ;
#34 = VERTEX_POINT ( 'NONE', #934 ) ;
#35 = CARTESIAN_POINT ( 'NONE',  ( -2.652167334400298060, -2.646948992645573373, 0.04591124628898369392 ) ) ;
#36 = CARTESIAN_POINT ( 'NONE',  ( 2.633309800894468200, -2.688839264947465946, 0.09563127099953368238 ) ) ;
#37 = AXIS2_PLACEMENT_3D ( 'NONE', #207, #2199, #217 ) ;
#38 = CARTESIAN_POINT ( 'NONE',  ( -2.584721359549995601, 2.729442719099991699, 4.900000000000000355 ) ) ;
#39 = AXIS2_PLACEMENT_3D ( 'NONE', #277, #1781, #676 ) ;
#40 =( NAMED_UNIT ( * ) SI_UNIT ( $, .STERADIAN. ) SOLID_ANGLE_UNIT ( ) );
#41 = LINE ( 'NONE', #2452, #1387 ) ;
#42 = CIRCLE ( 'NONE', #1524, 0.1000000000000000611 ) ;
#43 =( GEOMETRIC_REPRESENTATION_CONTEXT ( 3 ) GLOBAL_UNCERTAINTY_ASSIGNED_CONTEXT ( ( #58 ) ) GLOBAL_UNIT_ASSIGNED_CONTEXT ( ( #1282, #2374, #596 ) ) REPRESENTATION_CONTEXT ( 'NONE', 'WORKASPACE' ) );
#44 = ADVANCED_FACE ( 'NONE', ( #1147 ), #1576, .T. ) ;
#45 = STYLED_ITEM ( 'NONE', ( #436 ), #44 ) ;
#46 = ORIENTED_EDGE ( 'NONE', *, *, #1190, .F. ) ;
#47 = PRODUCT_DEFINITION_FORMATION_WITH_SPECIFIED_SOURCE ( 'ANY', '', #2353, .NOT_KNOWN. ) ;
#48 = DIRECTION ( 'NONE',  ( 1.000000000000000000, 0.000000000000000000, -0.000000000000000000 ) ) ;
#49 = VECTOR ( 'NONE', #646, 1000.000000000000000 ) ;
#50 = DIRECTION ( 'NONE',  ( -1.000000000000000000, 0.000000000000000000, 0.000000000000000000 ) ) ;
#51 = CARTESIAN_POINT ( 'NONE',  ( -2.631030663926139823, -2.673062582892962169, 4.875094501859785545 ) ) ;
#52 = LINE ( 'NONE', #772, #2101 ) ;
#53 = CARTESIAN_POINT ( 'NONE',  ( -2.597735026918963186, 2.697735026918960610, 0.04226497308103681350 ) ) ;
#54 =( NAMED_UNIT ( * ) PLANE_ANGLE_UNIT ( ) SI_UNIT ( $, .RADIAN. ) );
#55 = FILL_AREA_STYLE_COLOUR ( '', #2568 ) ;
#56 = VERTEX_POINT ( 'NONE', #67 ) ;
#57 = FACE_OUTER_BOUND ( 'NONE', #2566, .T. ) ;
#58 = UNCERTAINTY_MEASURE_WITH_UNIT (LENGTH_MEASURE( 1.000000000000000082E-05 ), #1282, 'distance_accuracy_value', 'NONE');
#59 = DIRECTION ( 'NONE',  ( -2.025954424498460092E-16, 1.000000000000000000, -0.000000000000000000 ) ) ;
#60 = FACE_OUTER_BOUND ( 'NONE', #2886, .T. ) ;
#61 = CARTESIAN_POINT ( 'NONE',  ( -2.154999999999999805, 2.100000000000000089, -0.09585786437626901690 ) ) ;
#62 = ORIENTED_EDGE ( 'NONE', *, *, #107, .F. ) ;
#63 = ADVANCED_BREP_SHAPE_REPRESENTATION ( '', ( #733, #2663, #1861 ), #1627 ) ;
#64 = SURFACE_STYLE_USAGE ( .BOTH. , #497 ) ;
#65 = SURFACE_STYLE_FILL_AREA ( #1815 ) ;
#66 = EDGE_CURVE ( 'NONE', #586, #31, #2807, .T. ) ;
#67 = CARTESIAN_POINT ( 'NONE',  ( -2.286808180023702786, 2.295620638476868258, 0.002000000000000000909 ) ) ;
#68 = APPLICATION_CONTEXT ( 'automotive_design' ) ;
#69 = CARTESIAN_POINT ( 'NONE',  ( -2.597735026918961854, 2.697735026918962831, 0.04226497308103734085 ) ) ;
#70 = ORIENTED_EDGE ( 'NONE', *, *, #1364, .T. ) ;
#71 = CARTESIAN_POINT ( 'NONE',  ( -2.584721359549994713, 2.640000000000000124, 4.989442719099993262 ) ) ;
#72 = ORIENTED_EDGE ( 'NONE', *, *, #1934, .T. ) ;
#73 = CARTESIAN_POINT ( 'NONE',  ( 2.601381300126910379, -2.643302719437623516, 5.008521061192353407 ) ) ;
#74 = FILL_AREA_STYLE ('',( #222 ) ) ;
#75 = PLANE ( 'NONE',  #2053 ) ;
#76 = CARTESIAN_POINT ( 'NONE',  ( -2.540000000000000036, -2.640000000000000124, 4.900000000000000355 ) ) ;
#77 = EDGE_LOOP ( 'NONE', ( #816, #1333, #2457, #1200 ) ) ;
#78 = LINE ( 'NONE', #138, #366 ) ;
#79 = EDGE_CURVE ( 'NONE', #1136, #218, #52, .T. ) ;
#80 = CARTESIAN_POINT ( 'NONE',  ( -2.286808180023702786, 2.295620638476868258, 0.000000000000000000 ) ) ;
#81 = CARTESIAN_POINT ( 'NONE',  ( -2.582030276237607502, 2.797966438303960413, 0.2008089658626814322 ) ) ;
#82 = ORIENTED_EDGE ( 'NONE', *, *, #736, .F. ) ;
#83 = PRESENTATION_LAYER_ASSIGNMENT (  '', '', ( #1561 ) ) ;
#84 = FILL_AREA_STYLE_COLOUR ( '', #1392 ) ;
#85 = ORIENTED_EDGE ( 'NONE', *, *, #2103, .T. ) ;
#86 = VECTOR ( 'NONE', #371, 1000.000000000000000 ) ;
#87 = FILL_AREA_STYLE_COLOUR ( '', #221 ) ;
#88 = UNCERTAINTY_MEASURE_WITH_UNIT (LENGTH_MEASURE( 1.000000000000000082E-05 ), #821, 'distance_accuracy_value', 'NONE');
#89 = MECHANICAL_DESIGN_GEOMETRIC_PRESENTATION_REPRESENTATION (  '', ( #2893 ), #556 ) ;
#90 =( NAMED_UNIT ( * ) SI_UNIT ( $, .STERADIAN. ) SOLID_ANGLE_UNIT ( ) );
#91 = CARTESIAN_POINT ( 'NONE',  ( -2.540000000000000036, 1.370000000000000107, 4.900000000000000355 ) ) ;
#92 = COLOUR_RGB ( '',0.9607843137254902244, 0.9607843137254902244, 0.9607843137254902244 ) ;
#93 = CARTESIAN_POINT ( 'NONE',  ( -2.286808180023702786, 2.295620638476868258, 0.000000000000000000 ) ) ;
#94 = ORIENTED_EDGE ( 'NONE', *, *, #1166, .T. ) ;
#95 = CARTESIAN_POINT ( 'NONE',  ( 1.405000000000000027, 2.089999999999999858, -0.08999999999999999667 ) ) ;
#96 =( GEOMETRIC_REPRESENTATION_CONTEXT ( 3 ) GLOBAL_UNCERTAINTY_ASSIGNED_CONTEXT ( ( #1944 ) ) GLOBAL_UNIT_ASSIGNED_CONTEXT ( ( #1335, #907, #2462 ) ) REPRESENTATION_CONTEXT ( 'NONE', 'WORKASPACE' ) );
#97 = COLOUR_RGB ( '',0.2862745098039215508, 0.2862745098039215508, 0.2862745098039215508 ) ;
#98 =( BOUNDED_CURVE ( )  B_SPLINE_CURVE ( 3, ( #962, #947, #717, #1828 ),
 .UNSPECIFIED., .F., .T. ) 
 B_SPLINE_CURVE_WITH_KNOTS ( ( 4, 4 ),
 ( 0.000000000000000000, 1.570796326794896558 ),
 .UNSPECIFIED. ) 
 CURVE ( )  GEOMETRIC_REPRESENTATION_ITEM ( )  RATIONAL_B_SPLINE_CURVE ( ( 1.000000000000000000, 0.8047378541243649375, 0.8047378541243649375, 1.000000000000000000 ) ) 
 REPRESENTATION_ITEM ( '' )  );
#99 = FILL_AREA_STYLE ('',( #782 ) ) ;
#100 = DIRECTION ( 'NONE',  ( 1.000000000000000000, 0.000000000000000000, 0.000000000000000000 ) ) ;
#101 = FILL_AREA_STYLE_COLOUR ( '', #1904 ) ;
#102 =( NAMED_UNIT ( * ) PLANE_ANGLE_UNIT ( ) SI_UNIT ( $, .RADIAN. ) );
#103 = PRESENTATION_LAYER_ASSIGNMENT (  '', '', ( #2243 ) ) ;
#104 = ORIENTED_EDGE ( 'NONE', *, *, #1041, .T. ) ;
#105 = CARTESIAN_POINT ( 'NONE',  ( 2.640000000000000124, -2.740000000000000213, 0.000000000000000000 ) ) ;
#106 = ORIENTED_EDGE ( 'NONE', *, *, #2715, .F. ) ;
#107 = EDGE_CURVE ( 'NONE', #56, #2895, #1652, .T. ) ;
#108 = CARTESIAN_POINT ( 'NONE',  ( -2.597735026918963630, -2.697735026918962387, 4.957735026918963506 ) ) ;
#109 = VERTEX_POINT ( 'NONE', #1232 ) ;
#110 = CARTESIAN_POINT ( 'NONE',  ( -2.597735026918961410, 2.697735026918963719, 4.957735026918965282 ) ) ;
#111 =( BOUNDED_SURFACE ( )  B_SPLINE_SURFACE ( 3, 3, ( 
 ( #1450, #851, #110, #1010 ),
 ( #1885, #2803, #793, #2143 ),
 ( #2341, #1462, #2823, #1699 ),
 ( #1243, #595, #1476, #377 ) ),
 .UNSPECIFIED., .F., .F., .T. ) 
 B_SPLINE_SURFACE_WITH_KNOTS ( ( 4, 4 ),
 ( 4, 4 ),
 ( 0.000000000000000000, 1.000000000000000000 ),
 ( 0.000000000000000000, 1.000000000000000000 ),
 .UNSPECIFIED. ) 
 GEOMETRIC_REPRESENTATION_ITEM ( )  RATIONAL_B_SPLINE_SURFACE ( (
 ( 1.000000000000000000, 0.3333333333333287629, 0.3333333333333287629, 1.000000000000000000),
 ( 0.9245018060306371410, 0.3081672686768748282, 0.3081672686768748282, 0.9245018060306371410),
 ( 0.9245018060306371410, 0.3081672686768748282, 0.3081672686768748282, 0.9245018060306371410),
 ( 1.000000000000000000, 0.3333333333333287629, 0.3333333333333287629, 1.000000000000000000) ) ) 
 REPRESENTATION_ITEM ( '' )  SURFACE ( )  );
#112 =( LENGTH_UNIT ( ) NAMED_UNIT ( * ) SI_UNIT ( .MILLI., .METRE. ) );
#113 = FACE_OUTER_BOUND ( 'NONE', #364, .T. ) ;
#114 =( NAMED_UNIT ( * ) SI_UNIT ( $, .STERADIAN. ) SOLID_ANGLE_UNIT ( ) );
#115 = ORIENTED_EDGE ( 'NONE', *, *, #2811, .F. ) ;
#116 = CARTESIAN_POINT ( 'NONE',  ( 2.597735026918963186, 2.697735026918962387, 4.957735026918963506 ) ) ;
#117 = PLANE ( 'NONE',  #1218 ) ;
#118 = EDGE_LOOP ( 'NONE', ( #2324, #1925, #2318, #2875 ) ) ;
#119 = CARTESIAN_POINT ( 'NONE',  ( 2.544368729000464846, -2.688839264947465946, 4.993309800894468964 ) ) ;
#120 = ADVANCED_FACE ( 'NONE', ( #737 ), #1191, .T. ) ;
#121 = PRODUCT_DEFINITION_SHAPE ( 'NONE', 'NONE',  #839 ) ;
#122 = EDGE_LOOP ( 'NONE', ( #774, #797, #303, #2579 ) ) ;
#123 =( NAMED_UNIT ( * ) PLANE_ANGLE_UNIT ( ) SI_UNIT ( $, .RADIAN. ) );
#124 = CARTESIAN_POINT ( 'NONE',  ( -2.515094501859786114, -2.673062582892962613, 4.991030663926140143 ) ) ;
#125 = DIRECTION ( 'NONE',  ( 0.000000000000000000, -0.000000000000000000, 1.000000000000000000 ) ) ;
#126 =( NAMED_UNIT ( * ) PLANE_ANGLE_UNIT ( ) SI_UNIT ( $, .RADIAN. ) );
#127 = ORIENTED_EDGE ( 'NONE', *, *, #2826, .T. ) ;
#128 = SURFACE_SIDE_STYLE ('',( #971 ) ) ;
#129 = ORIENTED_EDGE ( 'NONE', *, *, #1637, .F. ) ;
#130 =( LENGTH_UNIT ( ) NAMED_UNIT ( * ) SI_UNIT ( .MILLI., .METRE. ) );
#131 = SURFACE_SIDE_STYLE ('',( #1021 ) ) ;
#132 = VECTOR ( 'NONE', #59, 1000.000000000000000 ) ;
#133 = ORIENTED_EDGE ( 'NONE', *, *, #2715, .T. ) ;
#134 = PRESENTATION_LAYER_ASSIGNMENT (  '', '', ( #2043 ) ) ;
#135 =( NAMED_UNIT ( * ) SI_UNIT ( $, .STERADIAN. ) SOLID_ANGLE_UNIT ( ) );
#136 = CARTESIAN_POINT ( 'NONE',  ( 1.155000000000000027, -1.598280802577860042E-15, 0.000000000000000000 ) ) ;
#137 = MECHANICAL_DESIGN_GEOMETRIC_PRESENTATION_REPRESENTATION (  '', ( #1173 ), #43 ) ;
#138 = CARTESIAN_POINT ( 'NONE',  ( -2.286808180023702786, -2.295620638476868258, 0.000000000000000000 ) ) ;
#139 = UNCERTAINTY_MEASURE_WITH_UNIT (LENGTH_MEASURE( 1.000000000000000082E-05 ), #237, 'distance_accuracy_value', 'NONE');
#140 = COLOUR_RGB ( '',0.8313725490196077761, 0.8313725490196077761, 0.8313725490196077761 ) ;
#141 = COLOUR_RGB ( '',0.9607843137254902244, 0.9607843137254902244, 0.9607843137254902244 ) ;
#142 = ADVANCED_FACE ( 'NONE', ( #2536 ), #523, .T. ) ;
#143 =( LENGTH_UNIT ( ) NAMED_UNIT ( * ) SI_UNIT ( .MILLI., .METRE. ) );
#144 =( NAMED_UNIT ( * ) PLANE_ANGLE_UNIT ( ) SI_UNIT ( $, .RADIAN. ) );
#145 =( GEOMETRIC_REPRESENTATION_CONTEXT ( 3 ) GLOBAL_UNCERTAINTY_ASSIGNED_CONTEXT ( ( #2835 ) ) GLOBAL_UNIT_ASSIGNED_CONTEXT ( ( #2428, #2872, #402 ) ) REPRESENTATION_CONTEXT ( 'NONE', 'WORKASPACE' ) );
#146 = DIRECTION ( 'NONE',  ( 0.000000000000000000, 0.000000000000000000, 1.000000000000000000 ) ) ;
#147 = ORIENTED_EDGE ( 'NONE', *, *, #1751, .F. ) ;
#148 = DIRECTION ( 'NONE',  ( 1.000000000000000000, 0.000000000000000000, 0.000000000000000000 ) ) ;
#149 = COLOUR_RGB ( '',0.2862745098039215508, 0.2862745098039215508, 0.2862745098039215508 ) ;
#150 = CYLINDRICAL_SURFACE ( 'NONE', #1078, 0.09999999999999982514 ) ;
#151 =( GEOMETRIC_REPRESENTATION_CONTEXT ( 3 ) GLOBAL_UNCERTAINTY_ASSIGNED_CONTEXT ( ( #713 ) ) GLOBAL_UNIT_ASSIGNED_CONTEXT ( ( #2728, #2523, #916 ) ) REPRESENTATION_CONTEXT ( 'NONE', 'WORKASPACE' ) );
#152 = CARTESIAN_POINT ( 'NONE',  ( -2.540000000000000036, -2.640000000000000124, 0.1000000000000000056 ) ) ;
#153 = CARTESIAN_POINT ( 'NONE',  ( -2.629442719099992498, 2.640000000000000124, 0.05527864045000451670 ) ) ;
#154 = CARTESIAN_POINT ( 'NONE',  ( -1.155000000000000693, -2.100000000000000089, -0.08999999999999999667 ) ) ;
#155 = VERTEX_POINT ( 'NONE', #1734 ) ;
#156 = LINE ( 'NONE', #2789, #1214 ) ;
#157 = EDGE_CURVE ( 'NONE', #1750, #109, #1400, .T. ) ;
#158 = CARTESIAN_POINT ( 'NONE',  ( -2.540000000000000036, -2.640000000000000124, 0.000000000000000000 ) ) ;
#159 = DIRECTION ( 'NONE',  ( -0.4082482904638600196, -0.8164965809277280329, 0.4082482904638620180 ) ) ;
#160 = ORIENTED_EDGE ( 'NONE', *, *, #1663, .T. ) ;
#161 = DIRECTION ( 'NONE',  ( 1.000000000000000000, 1.051347561198070012E-16, 0.000000000000000000 ) ) ;
#162 = CYLINDRICAL_SURFACE ( 'NONE', #2389, 0.1000000000000002554 ) ;
#163 = CARTESIAN_POINT ( 'NONE',  ( -2.286808180023702786, -2.295620638476868258, 0.002000000000000000909 ) ) ;
#164 =( LENGTH_UNIT ( ) NAMED_UNIT ( * ) SI_UNIT ( .MILLI., .METRE. ) );
#165 = CARTESIAN_POINT ( 'NONE',  ( 2.543302719437627424, 2.748521061192352732, 0.03861869987309203556 ) ) ;
#166 = DIRECTION ( 'NONE',  ( -0.4082482904638636279, 0.8164965809277276998, -0.4082482904638590204 ) ) ;
#167 = UNCERTAINTY_MEASURE_WITH_UNIT (LENGTH_MEASURE( 1.000000000000000082E-05 ), #1135, 'distance_accuracy_value', 'NONE');
#168 = CARTESIAN_POINT ( 'NONE',  ( 2.581959649094451859, 2.791539568547499517, 4.853018577200449712 ) ) ;
#169 = CARTESIAN_POINT ( 'NONE',  ( -2.540000000000000036, -2.640000000000000124, 0.1000000000000000056 ) ) ;
#170 = EDGE_CURVE ( 'NONE', #2065, #643, #1575, .T. ) ;
#171 =( NAMED_UNIT ( * ) PLANE_ANGLE_UNIT ( ) SI_UNIT ( $, .RADIAN. ) );
#172 = EDGE_LOOP ( 'NONE', ( #891, #592, #1786, #707, #1111 ) ) ;
#173 = CARTESIAN_POINT ( 'NONE',  ( -2.540000000000000480, -2.640000000000001013, 4.900000000000001243 ) ) ;
#174 = ADVANCED_FACE ( 'NONE', ( #1089 ), #2405, .T. ) ;
#175 = CARTESIAN_POINT ( 'NONE',  ( -2.697966438303965209, -2.539191034137317615, 4.942030276237604269 ) ) ;
#176 = SHAPE_DEFINITION_REPRESENTATION ( #2892, #2464 ) ;
#177 =( LENGTH_UNIT ( ) NAMED_UNIT ( * ) SI_UNIT ( .MILLI., .METRE. ) );
#178 = APPLICATION_CONTEXT ( 'automotive_design' ) ;
#179 =( GEOMETRIC_REPRESENTATION_CONTEXT ( 3 ) GLOBAL_UNCERTAINTY_ASSIGNED_CONTEXT ( ( #1712 ) ) GLOBAL_UNIT_ASSIGNED_CONTEXT ( ( #1470, #760, #1868 ) ) REPRESENTATION_CONTEXT ( 'NONE', 'WORKASPACE' ) );
#180 = CARTESIAN_POINT ( 'NONE',  ( 2.629442719099992054, -2.684721359549995245, 0.1000000000000000056 ) ) ;
#181 = AXIS2_PLACEMENT_3D ( 'NONE', #957, #2013, #1582 ) ;
#182 = MECHANICAL_DESIGN_GEOMETRIC_PRESENTATION_REPRESENTATION (  '', ( #1344 ), #1125 ) ;
#183 = CARTESIAN_POINT ( 'NONE',  ( 2.539999999999999591, -2.640000000000000568, 0.1000000000000002554 ) ) ;
#184 = AXIS2_PLACEMENT_3D ( 'NONE', #836, #629, #1244 ) ;
#185 = CARTESIAN_POINT ( 'NONE',  ( -2.150857864376269468, -2.095857864376268864, -0.1000000000000000056 ) ) ;
#186 = CIRCLE ( 'NONE', #562, 0.09999999999999982514 ) ;
#187 = ORIENTED_EDGE ( 'NONE', *, *, #1006, .F. ) ;
#188 = CARTESIAN_POINT ( 'NONE',  ( -2.543302719437628312, 2.701381300126909135, 5.008521061192349855 ) ) ;
#189 = PRESENTATION_LAYER_ASSIGNMENT (  '', '', ( #1768 ) ) ;
#190 = CARTESIAN_POINT ( 'NONE',  ( -2.540000000000000480, 2.640000000000000124, 4.900000000000000355 ) ) ;
#191 =( NAMED_UNIT ( * ) SI_UNIT ( $, .STERADIAN. ) SOLID_ANGLE_UNIT ( ) );
#192 = EDGE_CURVE ( 'NONE', #729, #2245, #1959, .T. ) ;
#193 = VECTOR ( 'NONE', #2503, 1000.000000000000000 ) ;
#194 = APPLICATION_PROTOCOL_DEFINITION ( 'draft international standard', 'automotive_design', 1998, #2518 ) ;
#195 = DIRECTION ( 'NONE',  ( -0.000000000000000000, 0.000000000000000000, -1.000000000000000000 ) ) ;
#196 = FILL_AREA_STYLE ('',( #1545 ) ) ;
#197 = CYLINDRICAL_SURFACE ( 'NONE', #248, 0.09999999999999982514 ) ;
#198 = PRESENTATION_STYLE_ASSIGNMENT (( #2601 ) ) ;
#199 = CARTESIAN_POINT ( 'NONE',  ( 2.594088753711015993, -2.752167334400297705, 4.906948992645576269 ) ) ;
#200 =( NAMED_UNIT ( * ) PLANE_ANGLE_UNIT ( ) SI_UNIT ( $, .RADIAN. ) );
#201 = CARTESIAN_POINT ( 'NONE',  ( -2.582030276237608835, -2.539191034137315839, 5.057966438303962420 ) ) ;
#202 =( BOUNDED_SURFACE ( )  B_SPLINE_SURFACE ( 3, 3, ( 
 ( #2433, #877, #1528, #1322 ),
 ( #300, #1350, #1556, #1129 ),
 ( #1983, #2669, #2460, #2889 ),
 ( #447, #2214, #2020, #209 ) ),
 .UNSPECIFIED., .F., .F., .T. ) 
 B_SPLINE_SURFACE_WITH_KNOTS ( ( 4, 4 ),
 ( 4, 4 ),
 ( 0.000000000000000000, 1.000000000000000000 ),
 ( 0.000000000000000000, 1.000000000000000000 ),
 .UNSPECIFIED. ) 
 GEOMETRIC_REPRESENTATION_ITEM ( )  RATIONAL_B_SPLINE_SURFACE ( (
 ( 1.000000000000000000, 0.3333333333333343140, 0.3333333333333343140, 1.000000000000000000),
 ( 0.9245018060306362528, 0.3081672686768796576, 0.3081672686768796576, 0.9245018060306362528),
 ( 0.9245018060306362528, 0.3081672686768796576, 0.3081672686768796576, 0.9245018060306362528),
 ( 1.000000000000000000, 0.3333333333333343140, 0.3333333333333343140, 1.000000000000000000) ) ) 
 REPRESENTATION_ITEM ( '' )  SURFACE ( )  );
#203 = SURFACE_SIDE_STYLE ('',( #883 ) ) ;
#204 = CARTESIAN_POINT ( 'NONE',  ( 2.540000000000000036, -2.639999999999999680, 4.900000000000000355 ) ) ;
#205 = SHAPE_DEFINITION_REPRESENTATION ( #1123, #885 ) ;
#206 = EDGE_CURVE ( 'NONE', #1359, #2431, #2572, .T. ) ;
#207 = CARTESIAN_POINT ( 'NONE',  ( -2.540000000000000036, -2.640000000000000124, 4.900000000000000355 ) ) ;
#208 = ORIENTED_EDGE ( 'NONE', *, *, #244, .F. ) ;
#209 = CARTESIAN_POINT ( 'NONE',  ( -2.573062582892962080, -2.731030663926139468, 0.1249054981402155096 ) ) ;
#210 = DIRECTION ( 'NONE',  ( -0.000000000000000000, 1.000000000000000000, 0.000000000000000000 ) ) ;
#211 = ORIENTED_EDGE ( 'NONE', *, *, #1690, .T. ) ;
#212 = FACE_OUTER_BOUND ( 'NONE', #2436, .T. ) ;
#213 = CARTESIAN_POINT ( 'NONE',  ( -2.633309800894467312, 2.644368729000465379, 0.05116073505253464215 ) ) ;
#214 = SURFACE_SIDE_STYLE ('',( #2220 ) ) ;
#215 = SHAPE_DEFINITION_REPRESENTATION ( #121, #1062 ) ;
#216 = SURFACE_STYLE_FILL_AREA ( #862 ) ;
#217 = DIRECTION ( 'NONE',  ( 0.000000000000000000, 1.000000000000000000, 0.000000000000000000 ) ) ;
#218 = VERTEX_POINT ( 'NONE', #2200 ) ;
#219 = ADVANCED_FACE ( 'NONE', ( #668 ), #202, .T. ) ;
#220 = VECTOR ( 'NONE', #13, 1000.000000000000000 ) ;
#221 = COLOUR_RGB ( '',0.8313725490196077761, 0.8313725490196077761, 0.8313725490196077761 ) ;
#222 = FILL_AREA_STYLE_COLOUR ( '', #2764 ) ;
#223 = SURFACE_SIDE_STYLE ('',( #1324 ) ) ;
#224 = PRESENTATION_LAYER_ASSIGNMENT (  '', '', ( #2144 ) ) ;
#225 = PRESENTATION_LAYER_ASSIGNMENT (  '', '', ( #2893 ) ) ;
#226 = CARTESIAN_POINT ( 'NONE',  ( -2.640000000000000124, 2.740000000000000213, 4.900000000000000355 ) ) ;
#227 = ORIENTED_EDGE ( 'NONE', *, *, #2804, .T. ) ;
#228 = AXIS2_PLACEMENT_3D ( 'NONE', #2629, #384, #1506 ) ;
#229 = CARTESIAN_POINT ( 'NONE',  ( 2.640000000000000124, -2.640000000000000124, 0.000000000000000000 ) ) ;
#230 = VERTEX_POINT ( 'NONE', #700 ) ;
#231 = AXIS2_PLACEMENT_3D ( 'NONE', #2005, #658, #1363 ) ;
#232 = CARTESIAN_POINT ( 'NONE',  ( -1.164999999999999369, 2.090000000000000302, -0.09999999999999999167 ) ) ;
#233 = STYLED_ITEM ( 'NONE', ( #2288 ), #142 ) ;
#234 = CARTESIAN_POINT ( 'NONE',  ( -2.640000000000000124, 2.640000000000000124, 4.900000000000000355 ) ) ;
#235 = UNCERTAINTY_MEASURE_WITH_UNIT (LENGTH_MEASURE( 1.000000000000000082E-05 ), #790, 'distance_accuracy_value', 'NONE');
#236 = DIRECTION ( 'NONE',  ( -0.000000000000000000, 0.000000000000000000, -1.000000000000000000 ) ) ;
#237 =( LENGTH_UNIT ( ) NAMED_UNIT ( * ) SI_UNIT ( .MILLI., .METRE. ) );
#238 =( GEOMETRIC_REPRESENTATION_CONTEXT ( 3 ) GLOBAL_UNCERTAINTY_ASSIGNED_CONTEXT ( ( #2691 ) ) GLOBAL_UNIT_ASSIGNED_CONTEXT ( ( #1643, #102, #1012 ) ) REPRESENTATION_CONTEXT ( 'NONE', 'WORKASPACE' ) );
#239 = MECHANICAL_DESIGN_GEOMETRIC_PRESENTATION_REPRESENTATION (  '', ( #1824 ), #389 ) ;
#240 = ORIENTED_EDGE ( 'NONE', *, *, #740, .T. ) ;
#241 = CIRCLE ( 'NONE', #1498, 0.09999999999999982514 ) ;
#242 = DIRECTION ( 'NONE',  ( 1.000000000000000000, 0.000000000000000000, 0.000000000000000000 ) ) ;
#243 = PLANE ( 'NONE',  #1995 ) ;
#244 = EDGE_CURVE ( 'NONE', #949, #1117, #2240, .T. ) ;
#245 = ORIENTED_EDGE ( 'NONE', *, *, #1219, .F. ) ;
#246 = CARTESIAN_POINT ( 'NONE',  ( 2.640000000000000124, -2.640000000000000124, 4.900000000000000355 ) ) ;
#247 = VERTEX_POINT ( 'NONE', #894 ) ;
#248 = AXIS2_PLACEMENT_3D ( 'NONE', #1103, #895, #1973 ) ;
#249 = CARTESIAN_POINT ( 'NONE',  ( -2.597735026918962742, 2.697735026918961942, 0.04226497308103758371 ) ) ;
#250 = DIRECTION ( 'NONE',  ( 0.4082482904638638499, -0.8164965809277276998, -0.4082482904638588539 ) ) ;
#251 = DIRECTION ( 'NONE',  ( -0.000000000000000000, -0.000000000000000000, -1.000000000000000000 ) ) ;
#252 = CARTESIAN_POINT ( 'NONE',  ( 2.540000000000000036, 2.640000000000000124, 0.1000000000000000056 ) ) ;
#253 = CARTESIAN_POINT ( 'NONE',  ( 2.154999999999999805, 2.100000000000000089, 0.000000000000000000 ) ) ;
#254 = ORIENTED_EDGE ( 'NONE', *, *, #1865, .F. ) ;
#255 = FACE_OUTER_BOUND ( 'NONE', #77, .T. ) ;
#256 = PRODUCT_DEFINITION_SHAPE ( 'NONE', 'NONE',  #2475 ) ;
#257 = CARTESIAN_POINT ( 'NONE',  ( 2.597735026918962742, -2.697735026918961942, 4.957735026918964394 ) ) ;
#258 = CARTESIAN_POINT ( 'NONE',  ( 2.595718880800478967, -2.586138961347435039, -0.04465995269448495147 ) ) ;
#259 = EDGE_CURVE ( 'NONE', #2555, #1999, #1042, .T. ) ;
#260 =( LENGTH_UNIT ( ) NAMED_UNIT ( * ) SI_UNIT ( .MILLI., .METRE. ) );
#261 = FILL_AREA_STYLE_COLOUR ( '', #1961 ) ;
#262 = CARTESIAN_POINT ( 'NONE',  ( -1.155000000000000693, -2.100000000000000089, -0.09585786437626886425 ) ) ;
#263 = ADVANCED_FACE ( 'NONE', ( #474 ), #919, .T. ) ;
#264 = UNCERTAINTY_MEASURE_WITH_UNIT (LENGTH_MEASURE( 1.000000000000000082E-05 ), #460, 'distance_accuracy_value', 'NONE');
#265 = FILL_AREA_STYLE ('',( #715 ) ) ;
#266 = CARTESIAN_POINT ( 'NONE',  ( 2.540000000000000036, 2.640000000000000124, 5.000000000000000888 ) ) ;
#267 = VERTEX_POINT ( 'NONE', #2554 ) ;
#268 = DIRECTION ( 'NONE',  ( -1.000000000000000000, -0.000000000000000000, -0.000000000000000000 ) ) ;
#269 =( NAMED_UNIT ( * ) SI_UNIT ( $, .STERADIAN. ) SOLID_ANGLE_UNIT ( ) );
#270 = MECHANICAL_DESIGN_GEOMETRIC_PRESENTATION_REPRESENTATION (  '', ( #1766 ), #1342 ) ;
#271 = LINE ( 'NONE', #2652, #1671 ) ;
#272 = SURFACE_STYLE_FILL_AREA ( #2745 ) ;
#273 = DIRECTION ( 'NONE',  ( -1.000000000000000000, 0.000000000000000000, 0.000000000000000000 ) ) ;
#274 =( GEOMETRIC_REPRESENTATION_CONTEXT ( 3 ) GLOBAL_UNCERTAINTY_ASSIGNED_CONTEXT ( ( #88 ) ) GLOBAL_UNIT_ASSIGNED_CONTEXT ( ( #821, #1419, #557 ) ) REPRESENTATION_CONTEXT ( 'NONE', 'WORKASPACE' ) );
#275 = ORIENTED_EDGE ( 'NONE', *, *, #1985, .T. ) ;
#276 = PRESENTATION_LAYER_ASSIGNMENT (  '', '', ( #1344 ) ) ;
#277 = CARTESIAN_POINT ( 'NONE',  ( 2.540000000000000036, 2.640000000000000124, 4.900000000000000355 ) ) ;
#278 = CIRCLE ( 'NONE', #2655, 0.09999999999999999167 ) ;
#279 = PRESENTATION_LAYER_ASSIGNMENT (  '', '', ( #560 ) ) ;
#280 = PRODUCT_DEFINITION ( 'UNKNOWN', '', #1771, #832 ) ;
#281 = DIRECTION ( 'NONE',  ( 0.000000000000000000, 0.000000000000000000, 1.000000000000000000 ) ) ;
#282 = CIRCLE ( 'NONE', #1757, 0.1000000000000000333 ) ;
#283 = ADVANCED_FACE ( 'NONE', ( #531 ), #1912, .T. ) ;
#284 =( NAMED_UNIT ( * ) PLANE_ANGLE_UNIT ( ) SI_UNIT ( $, .RADIAN. ) );
#285 = PRESENTATION_LAYER_ASSIGNMENT (  '', '', ( #45 ) ) ;
#286 = ORIENTED_EDGE ( 'NONE', *, *, #1884, .F. ) ;
#287 = LINE ( 'NONE', #1802, #1717 ) ;
#288 = CARTESIAN_POINT ( 'NONE',  ( -2.145000000000000018, 2.089999999999999858, -0.09999999999999999167 ) ) ;
#289 = STYLED_ITEM ( 'NONE', ( #2675 ), #408 ) ;
#290 = CARTESIAN_POINT ( 'NONE',  ( -1.405000000000000027, -2.089999999999999858, -0.08999999999999999667 ) ) ;
#291 =( GEOMETRIC_REPRESENTATION_CONTEXT ( 3 ) GLOBAL_UNCERTAINTY_ASSIGNED_CONTEXT ( ( #2160 ) ) GLOBAL_UNIT_ASSIGNED_CONTEXT ( ( #1687, #2356, #2129 ) ) REPRESENTATION_CONTEXT ( 'NONE', 'WORKASPACE' ) );
#292 = FILL_AREA_STYLE ('',( #101 ) ) ;
#293 = ORIENTED_EDGE ( 'NONE', *, *, #2635, .T. ) ;
#294 = FILL_AREA_STYLE ('',( #1426 ) ) ;
#295 = CARTESIAN_POINT ( 'NONE',  ( -2.901953770221419907E-16, 2.640000000000000124, 0.000000000000000000 ) ) ;
#296 = ORIENTED_EDGE ( 'NONE', *, *, #2897, .F. ) ;
#297 = PRESENTATION_STYLE_ASSIGNMENT (( #1864 ) ) ;
#298 = UNCERTAINTY_MEASURE_WITH_UNIT (LENGTH_MEASURE( 1.000000000000000082E-05 ), #593, 'distance_accuracy_value', 'NONE');
#299 = CARTESIAN_POINT ( 'NONE',  ( 2.155000000000000249, 2.100000000000000089, -0.08999999999999999667 ) ) ;
#300 = CARTESIAN_POINT ( 'NONE',  ( -2.597735026918962298, -2.674165146386241698, 0.01869509254831614592 ) ) ;
#301 = FACE_OUTER_BOUND ( 'NONE', #605, .T. ) ;
#302 = DIRECTION ( 'NONE',  ( -0.000000000000000000, -0.000000000000000000, -1.000000000000000000 ) ) ;
#303 = ORIENTED_EDGE ( 'NONE', *, *, #1060, .T. ) ;
#304 = EDGE_CURVE ( 'NONE', #977, #1999, #763, .T. ) ;
#305 = LINE ( 'NONE', #1812, #1142 ) ;
#306 = DIRECTION ( 'NONE',  ( 0.000000000000000000, -1.000000000000000000, -0.000000000000000000 ) ) ;
#307 = DIRECTION ( 'NONE',  ( -0.000000000000000000, -0.000000000000000000, -1.000000000000000000 ) ) ;
#308 = VERTEX_POINT ( 'NONE', #1020 ) ;
#309 = SURFACE_STYLE_USAGE ( .BOTH. , #1454 ) ;
#310 = FILL_AREA_STYLE ('',( #2792 ) ) ;
#311 = ORIENTED_EDGE ( 'NONE', *, *, #2749, .T. ) ;
#312 = CARTESIAN_POINT ( 'NONE',  ( 2.706934131648606190, 2.664094889548316747, 0.1918412725180358991 ) ) ;
#313 = PRESENTATION_STYLE_ASSIGNMENT (( #1031 ) ) ;
#314 = CARTESIAN_POINT ( 'NONE',  ( 2.540000000000000036, -2.640000000000000124, 0.000000000000000000 ) ) ;
#315 =( NAMED_UNIT ( * ) SI_UNIT ( $, .STERADIAN. ) SOLID_ANGLE_UNIT ( ) );
#316 = ORIENTED_EDGE ( 'NONE', *, *, #2140, .F. ) ;
#317 = CARTESIAN_POINT ( 'NONE',  ( 0.000000000000000000, 0.000000000000000000, 0.000000000000000000 ) ) ;
#318 =( NAMED_UNIT ( * ) PLANE_ANGLE_UNIT ( ) SI_UNIT ( $, .RADIAN. ) );
#319 = SURFACE_STYLE_USAGE ( .BOTH. , #2549 ) ;
#320 = EDGE_CURVE ( 'NONE', #1253, #1447, #1894, .T. ) ;
#321 = SURFACE_STYLE_USAGE ( .BOTH. , #1605 ) ;
#322 = PRESENTATION_STYLE_ASSIGNMENT (( #2086 ) ) ;
#323 = AXIS2_PLACEMENT_3D ( 'NONE', #2126, #2598, #348 ) ;
#324 = VERTEX_POINT ( 'NONE', #163 ) ;
#325 = MECHANICAL_DESIGN_GEOMETRIC_PRESENTATION_REPRESENTATION (  '', ( #2144 ), #2272 ) ;
#326 = AXIS2_PLACEMENT_3D ( 'NONE', #1003, #1438, #985 ) ;
#327 = CIRCLE ( 'NONE', #1669, 0.1000000000000000333 ) ;
#328 = CARTESIAN_POINT ( 'NONE',  ( -2.648521061192352199, -2.643302719437627513, 4.961381300126909366 ) ) ;
#329 = STYLED_ITEM ( 'NONE', ( #343 ), #2191 ) ;
#330 = EDGE_LOOP ( 'NONE', ( #2761, #2449, #1650, #1457, #2596 ) ) ;
#331 = VECTOR ( 'NONE', #660, 1000.000000000000000 ) ;
#332 = PRESENTATION_STYLE_ASSIGNMENT (( #1883 ) ) ;
#333 = DIRECTION ( 'NONE',  ( 1.321694076934709909E-16, 1.000000000000000000, 0.000000000000000000 ) ) ;
#334 =( REPRESENTATION_RELATIONSHIP ('NONE','NONE', #2464, #566 ) REPRESENTATION_RELATIONSHIP_WITH_TRANSFORMATION ( #2222 )SHAPE_REPRESENTATION_RELATIONSHIP( ) );
#335 = DIRECTION ( 'NONE',  ( -0.000000000000000000, 0.000000000000000000, 1.000000000000000000 ) ) ;
#336 = CARTESIAN_POINT ( 'NONE',  ( -1.155000000000000027, 2.100000000000000089, 0.000000000000000000 ) ) ;
#337 = CARTESIAN_POINT ( 'NONE',  ( -2.597735026918963186, 2.697735026918962387, 0.04226497308103784045 ) ) ;
#338 = ORIENTED_EDGE ( 'NONE', *, *, #2270, .F. ) ;
#339 = CARTESIAN_POINT ( 'NONE',  ( 2.648521061192352199, 2.643302719437627069, 4.961381300126909366 ) ) ;
#340 = STYLED_ITEM ( 'NONE', ( #727 ), #2640 ) ;
#341 = ADVANCED_FACE ( 'NONE', ( #844 ), #1066, .T. ) ;
#342 = STYLED_ITEM ( 'NONE', ( #2647 ), #609 ) ;
#343 = PRESENTATION_STYLE_ASSIGNMENT (( #540 ) ) ;
#344 = ORIENTED_EDGE ( 'NONE', *, *, #1773, .T. ) ;
#345 = DIRECTION ( 'NONE',  ( -0.000000000000000000, -0.000000000000000000, -1.000000000000000000 ) ) ;
#346 = ORIENTED_EDGE ( 'NONE', *, *, #2369, .T. ) ;
#347 = CARTESIAN_POINT ( 'NONE',  ( -2.564094889548317102, -2.806934131648606723, 4.808158727481964156 ) ) ;
#348 = DIRECTION ( 'NONE',  ( 0.000000000000000000, -1.000000000000000000, 0.000000000000000000 ) ) ;
#349 = UNCERTAINTY_MEASURE_WITH_UNIT (LENGTH_MEASURE( 1.000000000000000082E-05 ), #550, 'distance_accuracy_value', 'NONE');
#350 = EDGE_LOOP ( 'NONE', ( #1161, #541, #574, #2618 ) ) ;
#351 = ORIENTED_EDGE ( 'NONE', *, *, #2082, .T. ) ;
#352 = CARTESIAN_POINT ( 'NONE',  ( 2.691539568547498540, 2.593018577200449482, 0.05804035090554712784 ) ) ;
#353 = ADVANCED_FACE ( 'NONE', ( #2831 ), #636, .T. ) ;
#354 = CYLINDRICAL_SURFACE ( 'NONE', #1140, 0.01000000000000002623 ) ;
#355 = DIRECTION ( 'NONE',  ( 0.000000000000000000, 0.000000000000000000, 1.000000000000000000 ) ) ;
#356 =( LENGTH_UNIT ( ) NAMED_UNIT ( * ) SI_UNIT ( .MILLI., .METRE. ) );
#357 = EDGE_CURVE ( 'NONE', #856, #1346, #2198, .T. ) ;
#358 = ORIENTED_EDGE ( 'NONE', *, *, #879, .F. ) ;
#359 = LINE ( 'NONE', #1431, #2429 ) ;
#360 = CARTESIAN_POINT ( 'NONE',  ( 2.144999999999999574, 1.050000000000000044, -0.09999999999999999167 ) ) ;
#361 = CARTESIAN_POINT ( 'NONE',  ( -2.540000000000000480, 2.740000000000000213, 4.900000000000000355 ) ) ;
#362 = DIRECTION ( 'NONE',  ( -2.312964634635739999E-16, 1.000000000000000000, 0.000000000000000000 ) ) ;
#363 = DIRECTION ( 'NONE',  ( 1.000000000000000000, 0.000000000000000000, -0.000000000000000000 ) ) ;
#364 = EDGE_LOOP ( 'NONE', ( #1460, #373, #358, #809 ) ) ;
#365 = DIRECTION ( 'NONE',  ( -0.000000000000000000, -0.000000000000000000, -1.000000000000000000 ) ) ;
#366 = VECTOR ( 'NONE', #835, 1000.000000000000000 ) ;
#367 = CARTESIAN_POINT ( 'NONE',  ( -2.640000000000000124, -2.740000000000000213, 4.900000000000000355 ) ) ;
#368 = MECHANICAL_DESIGN_GEOMETRIC_PRESENTATION_REPRESENTATION (  '', ( #2516 ), #459 ) ;
#369 =( NAMED_UNIT ( * ) PLANE_ANGLE_UNIT ( ) SI_UNIT ( $, .RADIAN. ) );
#370 = FILL_AREA_STYLE ('',( #2364 ) ) ;
#371 = DIRECTION ( 'NONE',  ( 0.000000000000000000, -0.000000000000000000, -1.000000000000000000 ) ) ;
#372 = COLOUR_RGB ( '',0.9607843137254902244, 0.9607843137254902244, 0.9607843137254902244 ) ;
#373 = ORIENTED_EDGE ( 'NONE', *, *, #1023, .F. ) ;
#374 = EDGE_CURVE ( 'NONE', #2827, #949, #1097, .T. ) ;
#375 = PLANE ( 'NONE',  #466 ) ;
#376 = CIRCLE ( 'NONE', #326, 0.09999999999999982514 ) ;
#377 = CARTESIAN_POINT ( 'NONE',  ( -2.573062582892961636, 2.615094501859787091, 4.991030663926140143 ) ) ;
#378 = UNCERTAINTY_MEASURE_WITH_UNIT (LENGTH_MEASURE( 1.000000000000000082E-05 ), #130, 'distance_accuracy_value', 'NONE');
#379 = STYLED_ITEM ( 'NONE', ( #2678 ), #2625 ) ;
#380 = AXIS2_PLACEMENT_3D ( 'NONE', #2397, #647, #2425 ) ;
#381 =( NAMED_UNIT ( * ) PLANE_ANGLE_UNIT ( ) SI_UNIT ( $, .RADIAN. ) );
#382 = PRESENTATION_LAYER_ASSIGNMENT (  '', '', ( #2000 ) ) ;
#383 =( BOUNDED_SURFACE ( )  B_SPLINE_SURFACE ( 3, 3, ( 
 ( #1552, #2884, #1728, #394 ),
 ( #2174, #888, #165, #403 ),
 ( #1764, #2664, #1542, #1331 ),
 ( #2223, #1565, #2456, #761 ) ),
 .UNSPECIFIED., .F., .F., .F. ) 
 B_SPLINE_SURFACE_WITH_KNOTS ( ( 4, 4 ),
 ( 4, 4 ),
 ( 0.000000000000000000, 1.000000000000000000 ),
 ( 0.000000000000000000, 1.000000000000000000 ),
 .UNSPECIFIED. ) 
 GEOMETRIC_REPRESENTATION_ITEM ( )  RATIONAL_B_SPLINE_SURFACE ( (
 ( 1.000000000000000000, 0.3333333333333311499, 0.3333333333333311499, 1.000000000000000000),
 ( 0.9245018060306376961, 0.3081672686768772151, 0.3081672686768772151, 0.9245018060306376961),
 ( 0.9245018060306376961, 0.3081672686768772151, 0.3081672686768772151, 0.9245018060306376961),
 ( 1.000000000000000000, 0.3333333333333311499, 0.3333333333333311499, 1.000000000000000000) ) ) 
 REPRESENTATION_ITEM ( '' )  SURFACE ( )  );
#384 = DIRECTION ( 'NONE',  ( -2.025954424498460092E-16, 1.000000000000000000, 0.000000000000000000 ) ) ;
#385 = STYLED_ITEM ( 'NONE', ( #509 ), #427 ) ;
#386 = VERTEX_POINT ( 'NONE', #1520 ) ;
#387 =( NAMED_UNIT ( * ) SI_UNIT ( $, .STERADIAN. ) SOLID_ANGLE_UNIT ( ) );
#388 =( NAMED_UNIT ( * ) PLANE_ANGLE_UNIT ( ) SI_UNIT ( $, .RADIAN. ) );
#389 =( GEOMETRIC_REPRESENTATION_CONTEXT ( 3 ) GLOBAL_UNCERTAINTY_ASSIGNED_CONTEXT ( ( #139 ) ) GLOBAL_UNIT_ASSIGNED_CONTEXT ( ( #237, #1223, #544 ) ) REPRESENTATION_CONTEXT ( 'NONE', 'WORKASPACE' ) );
#390 = DIRECTION ( 'NONE',  ( 1.000000000000000000, 0.000000000000000000, 0.000000000000000000 ) ) ;
#391 = CARTESIAN_POINT ( 'NONE',  ( -1.165000000000000036, 1.050000000000000044, -0.08999999999999999667 ) ) ;
#392 = SURFACE_SIDE_STYLE ('',( #2195 ) ) ;
#393 = CONTEXT_DEPENDENT_SHAPE_REPRESENTATION ( #2358, #17 ) ;
#394 = CARTESIAN_POINT ( 'NONE',  ( 2.597735026918963186, 2.697735026918962831, 0.04226497308103824291 ) ) ;
#395 = VERTEX_POINT ( 'NONE', #2424 ) ;
#396 = EDGE_CURVE ( 'NONE', #1359, #2551, #1318, .T. ) ;
#397 = CARTESIAN_POINT ( 'NONE',  ( 2.540000000000000036, -2.640000000000000124, 4.900000000000000355 ) ) ;
#398 = EDGE_CURVE ( 'NONE', #218, #109, #1530, .T. ) ;
#399 = DIRECTION ( 'NONE',  ( 1.000000000000000000, -0.000000000000000000, -0.000000000000000000 ) ) ;
#400 = VERTEX_POINT ( 'NONE', #153 ) ;
#401 =( BOUNDED_SURFACE ( )  B_SPLINE_SURFACE ( 3, 3, ( 
 ( #2590, #882, #2190, #425 ),
 ( #2828, #188, #1094, #644 ),
 ( #1937, #2420, #1316, #1500 ),
 ( #1106, #831, #2603, #1265 ) ),
 .UNSPECIFIED., .F., .F., .F. ) 
 B_SPLINE_SURFACE_WITH_KNOTS ( ( 4, 4 ),
 ( 4, 4 ),
 ( 0.000000000000000000, 1.000000000000000000 ),
 ( 0.000000000000000000, 1.000000000000000000 ),
 .UNSPECIFIED. ) 
 GEOMETRIC_REPRESENTATION_ITEM ( )  RATIONAL_B_SPLINE_SURFACE ( (
 ( 1.000000000000000000, 0.3333333333333365345, 0.3333333333333365345, 1.000000000000000000),
 ( 0.9245018060306371410, 0.3081672686768819891, 0.3081672686768819891, 0.9245018060306371410),
 ( 0.9245018060306371410, 0.3081672686768819891, 0.3081672686768819891, 0.9245018060306371410),
 ( 1.000000000000000000, 0.3333333333333365345, 0.3333333333333365345, 1.000000000000000000) ) ) 
 REPRESENTATION_ITEM ( '' )  SURFACE ( )  );
#402 =( NAMED_UNIT ( * ) SI_UNIT ( $, .STERADIAN. ) SOLID_ANGLE_UNIT ( ) );
#403 = CARTESIAN_POINT ( 'NONE',  ( 2.597735026918963186, 2.721304907451683519, 0.06583485361375895906 ) ) ;
#404 = DIRECTION ( 'NONE',  ( -0.000000000000000000, 1.000000000000000000, 0.000000000000000000 ) ) ;
#405 = DIRECTION ( 'NONE',  ( -0.4082482904638600751, -0.8164965809277291431, -0.4082482904638600751 ) ) ;
#406 = SURFACE_SIDE_STYLE ('',( #2575 ) ) ;
#407 = DIRECTION ( 'NONE',  ( 0.5773502691896245098, -0.5773502691896245098, -0.5773502691896282846 ) ) ;
#408 = ADVANCED_FACE ( 'NONE', ( #1051 ), #1929, .T. ) ;
#409 = VERTEX_POINT ( 'NONE', #1583 ) ;
#410 = SURFACE_STYLE_USAGE ( .BOTH. , #2178 ) ;
#411 = DIRECTION ( 'NONE',  ( 0.000000000000000000, 1.000000000000000000, 0.000000000000000000 ) ) ;
#412 = DIRECTION ( 'NONE',  ( 0.000000000000000000, 1.000000000000000000, 0.000000000000000000 ) ) ;
#413 = DIRECTION ( 'NONE',  ( -1.000000000000000000, -1.051347561198070012E-16, -0.000000000000000000 ) ) ;
#414 = APPLICATION_PROTOCOL_DEFINITION ( 'draft international standard', 'automotive_design', 1998, #178 ) ;
#415 = VECTOR ( 'NONE', #236, 1000.000000000000000 ) ;
#416 =( GEOMETRIC_REPRESENTATION_CONTEXT ( 3 ) GLOBAL_UNCERTAINTY_ASSIGNED_CONTEXT ( ( #2453 ) ) GLOBAL_UNIT_ASSIGNED_CONTEXT ( ( #2100, #1235, #2748 ) ) REPRESENTATION_CONTEXT ( 'NONE', 'WORKASPACE' ) );
#417 = COLOUR_RGB ( '',0.2862745098039215508, 0.2862745098039215508, 0.2862745098039215508 ) ;
#418 =( LENGTH_UNIT ( ) NAMED_UNIT ( * ) SI_UNIT ( .MILLI., .METRE. ) );
#419 = STYLED_ITEM ( 'NONE', ( #1277 ), #2608 ) ;
#420 = COLOUR_RGB ( '',0.9607843137254902244, 0.9607843137254902244, 0.9607843137254902244 ) ;
#421 = SURFACE_STYLE_FILL_AREA ( #617 ) ;
#422 = COLOUR_RGB ( '',0.8313725490196077761, 0.8313725490196077761, 0.8313725490196077761 ) ;
#423 = VERTEX_POINT ( 'NONE', #1370 ) ;
#424 = CARTESIAN_POINT ( 'NONE',  ( -2.597735026918962298, -2.697735026918962387, 0.04226497308103781270 ) ) ;
#425 = CARTESIAN_POINT ( 'NONE',  ( -2.597735026918962298, 2.697735026918964163, 4.957735026918963506 ) ) ;
#426 = COLOUR_RGB ( '',0.8313725490196077761, 0.8313725490196077761, 0.8313725490196077761 ) ;
#427 = ADVANCED_FACE ( 'NONE', ( #57 ), #449, .T. ) ;
#428 = VECTOR ( 'NONE', #2078, 1000.000000000000000 ) ;
#429 = FILL_AREA_STYLE ('',( #2205 ) ) ;
#430 = EDGE_CURVE ( 'NONE', #1346, #2551, #464, .T. ) ;
#431 = CARTESIAN_POINT ( 'NONE',  ( -5.551115123125779744E-16, 5.551115123125779744E-16, 5.099999999999999645 ) ) ;
#432 =( NAMED_UNIT ( * ) SI_UNIT ( $, .STERADIAN. ) SOLID_ANGLE_UNIT ( ) );
#433 = ORIENTED_EDGE ( 'NONE', *, *, #2897, .T. ) ;
#434 = SURFACE_STYLE_FILL_AREA ( #196 ) ;
#435 = FILL_AREA_STYLE ('',( #2215 ) ) ;
#436 = PRESENTATION_STYLE_ASSIGNMENT (( #2448 ) ) ;
#437 = CARTESIAN_POINT ( 'NONE',  ( 2.697966438303961212, -2.539191034137315395, 0.05796972376239046404 ) ) ;
#438 = CARTESIAN_POINT ( 'NONE',  ( -2.574165146386242498, 2.721304907451683519, 0.04226497308103747963 ) ) ;
#439 = DIRECTION ( 'NONE',  ( 1.000000000000000000, 0.000000000000000000, 0.000000000000000000 ) ) ;
#440 = DIRECTION ( 'NONE',  ( 1.000000000000000000, 0.000000000000000000, 0.000000000000000000 ) ) ;
#441 = UNCERTAINTY_MEASURE_WITH_UNIT (LENGTH_MEASURE( 1.000000000000000082E-05 ), #177, 'distance_accuracy_value', 'NONE');
#442 =( NAMED_UNIT ( * ) SI_UNIT ( $, .STERADIAN. ) SOLID_ANGLE_UNIT ( ) );
#443 = DIRECTION ( 'NONE',  ( 0.000000000000000000, -1.000000000000000000, 0.000000000000000000 ) ) ;
#444 = ADVANCED_FACE ( 'NONE', ( #212 ), #2089, .T. ) ;
#445 = CARTESIAN_POINT ( 'NONE',  ( 2.597735026918962298, -2.697735026918961942, 0.04226497308103644573 ) ) ;
#446 = ORIENTED_EDGE ( 'NONE', *, *, #30, .F. ) ;
#447 = CARTESIAN_POINT ( 'NONE',  ( -2.573062582892961636, -2.615094501859785314, 0.008969336073859688827 ) ) ;
#448 = DIRECTION ( 'NONE',  ( -1.000000000000000000, -2.025954424498460092E-16, 0.000000000000000000 ) ) ;
#449 = CYLINDRICAL_SURFACE ( 'NONE', #2060, 0.1000000000000000056 ) ;
#450 = LINE ( 'NONE', #1356, #1519 ) ;
#451 = DIRECTION ( 'NONE',  ( 0.000000000000000000, 0.000000000000000000, 1.000000000000000000 ) ) ;
#452 = SURFACE_STYLE_FILL_AREA ( #482 ) ;
#453 =( NAMED_UNIT ( * ) SI_UNIT ( $, .STERADIAN. ) SOLID_ANGLE_UNIT ( ) );
#454 = LINE ( 'NONE', #484, #2818 ) ;
#455 = CARTESIAN_POINT ( 'NONE',  ( 2.597735026918962298, -2.697735026918962387, 0.04226497308103718126 ) ) ;
#456 = ORIENTED_EDGE ( 'NONE', *, *, #1166, .F. ) ;
#457 = ADVANCED_FACE ( 'NONE', ( #2657 ), #1818, .T. ) ;
#458 = MECHANICAL_DESIGN_GEOMETRIC_PRESENTATION_REPRESENTATION (  '', ( #2887 ), #1754 ) ;
#459 =( GEOMETRIC_REPRESENTATION_CONTEXT ( 3 ) GLOBAL_UNCERTAINTY_ASSIGNED_CONTEXT ( ( #826 ) ) GLOBAL_UNIT_ASSIGNED_CONTEXT ( ( #692, #2015, #2501 ) ) REPRESENTATION_CONTEXT ( 'NONE', 'WORKASPACE' ) );
#460 =( LENGTH_UNIT ( ) NAMED_UNIT ( * ) SI_UNIT ( .MILLI., .METRE. ) );
#461 = CIRCLE ( 'NONE', #1170, 0.09999999999999982514 ) ;
#462 = EDGE_LOOP ( 'NONE', ( #1234, #1847, #2305, #1709, #456 ) ) ;
#463 = COLOUR_RGB ( '',0.2862745098039215508, 0.2862745098039215508, 0.2862745098039215508 ) ;
#464 = LINE ( 'NONE', #229, #2292 ) ;
#465 = PRESENTATION_STYLE_ASSIGNMENT (( #691 ) ) ;
#466 = AXIS2_PLACEMENT_3D ( 'NONE', #1960, #1969, #1502 ) ;
#467 =( GEOMETRIC_REPRESENTATION_CONTEXT ( 3 ) GLOBAL_UNCERTAINTY_ASSIGNED_CONTEXT ( ( #770 ) ) GLOBAL_UNIT_ASSIGNED_CONTEXT ( ( #2701, #1336, #704 ) ) REPRESENTATION_CONTEXT ( 'NONE', 'WORKASPACE' ) );
#468 = UNCERTAINTY_MEASURE_WITH_UNIT (LENGTH_MEASURE( 1.000000000000000082E-05 ), #164, 'distance_accuracy_value', 'NONE');
#469 = CARTESIAN_POINT ( 'NONE',  ( 2.540000000000000036, -2.640000000000000124, 0.1000000000000000056 ) ) ;
#470 = CARTESIAN_POINT ( 'NONE',  ( 2.155000000000000249, 2.100000000000000089, -0.09585786437626912793 ) ) ;
#471 = AXIS2_PLACEMENT_3D ( 'NONE', #854, #1715, #2175 ) ;
#472 = ORIENTED_EDGE ( 'NONE', *, *, #1724, .F. ) ;
#473 = CYLINDRICAL_SURFACE ( 'NONE', #2102, 0.009999999999999998473 ) ;
#474 = FACE_OUTER_BOUND ( 'NONE', #2751, .T. ) ;
#475 = CARTESIAN_POINT ( 'NONE',  ( 1.155000000000000249, -2.100000000000000089, -0.09585786437626922507 ) ) ;
#476 = ORIENTED_EDGE ( 'NONE', *, *, #2519, .F. ) ;
#477 = ADVANCED_FACE ( 'NONE', ( #2509 ), #1878, .T. ) ;
#478 = DIRECTION ( 'NONE',  ( 0.000000000000000000, -1.000000000000000000, 0.000000000000000000 ) ) ;
#479 =( NAMED_UNIT ( * ) SI_UNIT ( $, .STERADIAN. ) SOLID_ANGLE_UNIT ( ) );
#480 = CARTESIAN_POINT ( 'NONE',  ( 2.540000000000000036, 2.640000000000000124, 0.1000000000000000056 ) ) ;
#481 = CARTESIAN_POINT ( 'NONE',  ( -2.540000000000000036, 1.370000000000000107, 0.1000000000000000056 ) ) ;
#482 = FILL_AREA_STYLE ('',( #1141 ) ) ;
#483 = FILL_AREA_STYLE_COLOUR ( '', #141 ) ;
#484 = CARTESIAN_POINT ( 'NONE',  ( -1.970803435900464695, -2.295620638476868258, 0.000000000000000000 ) ) ;
#485 = CARTESIAN_POINT ( 'NONE',  ( 1.155000000000000027, -2.100000000000000089, -0.08999999999999999667 ) ) ;
#486 = ORIENTED_EDGE ( 'NONE', *, *, #2735, .F. ) ;
#487 = DIRECTION ( 'NONE',  ( -1.000000000000000000, 0.000000000000000000, -0.000000000000000000 ) ) ;
#488 = FILL_AREA_STYLE ('',( #2747 ) ) ;
#489 =( LENGTH_UNIT ( ) NAMED_UNIT ( * ) SI_UNIT ( .MILLI., .METRE. ) );
#490 = CARTESIAN_POINT ( 'NONE',  ( -2.621304907451684318, 2.674165146386242142, 0.04226497308103824985 ) ) ;
#491 = SURFACE_STYLE_USAGE ( .BOTH. , #2500 ) ;
#492 = CARTESIAN_POINT ( 'NONE',  ( 2.540000000000000036, 2.639999999999999680, 4.900000000000000355 ) ) ;
#493 = UNCERTAINTY_MEASURE_WITH_UNIT (LENGTH_MEASURE( 1.000000000000000082E-05 ), #2172, 'distance_accuracy_value', 'NONE');
#494 = FILL_AREA_STYLE ('',( #483 ) ) ;
#495 = FACE_OUTER_BOUND ( 'NONE', #118, .T. ) ;
#496 = ORIENTED_EDGE ( 'NONE', *, *, #1590, .F. ) ;
#497 = SURFACE_SIDE_STYLE ('',( #1589 ) ) ;
#498 =( LENGTH_UNIT ( ) NAMED_UNIT ( * ) SI_UNIT ( .MILLI., .METRE. ) );
#499 = VECTOR ( 'NONE', #1739, 1000.000000000000000 ) ;
#500 = SURFACE_SIDE_STYLE ('',( #1394 ) ) ;
#501 =( NAMED_UNIT ( * ) PLANE_ANGLE_UNIT ( ) SI_UNIT ( $, .RADIAN. ) );
#502 = VECTOR ( 'NONE', #842, 1000.000000000000000 ) ;
#503 = CARTESIAN_POINT ( 'NONE',  ( 2.621304907451684318, 2.697735026918962387, 4.934165146386241929 ) ) ;
#504 = COLOUR_RGB ( '',0.2862745098039215508, 0.2862745098039215508, 0.2862745098039215508 ) ;
#505 = DIRECTION ( 'NONE',  ( -1.000000000000000000, 0.000000000000000000, 0.000000000000000000 ) ) ;
#506 = VECTOR ( 'NONE', #2451, 1000.000000000000000 ) ;
#507 = MECHANICAL_DESIGN_GEOMETRIC_PRESENTATION_REPRESENTATION (  '', ( #1620 ), #1393 ) ;
#508 = ORIENTED_EDGE ( 'NONE', *, *, #2749, .F. ) ;
#509 = PRESENTATION_STYLE_ASSIGNMENT (( #491 ) ) ;
#510 = EDGE_CURVE ( 'NONE', #1136, #1657, #2098, .T. ) ;
#511 = PRESENTATION_LAYER_ASSIGNMENT (  '', '', ( #419 ) ) ;
#512 = AXIS2_PLACEMENT_3D ( 'NONE', #397, #405, #1259 ) ;
#513 =( LENGTH_UNIT ( ) NAMED_UNIT ( * ) SI_UNIT ( .MILLI., .METRE. ) );
#514 = FACE_OUTER_BOUND ( 'NONE', #1555, .T. ) ;
#515 = ADVANCED_FACE ( 'NONE', ( #2790 ), #1860, .T. ) ;
#516 =( GEOMETRIC_REPRESENTATION_CONTEXT ( 3 ) GLOBAL_UNCERTAINTY_ASSIGNED_CONTEXT ( ( #2309 ) ) GLOBAL_UNIT_ASSIGNED_CONTEXT ( ( #25, #901, #40 ) ) REPRESENTATION_CONTEXT ( 'NONE', 'WORKASPACE' ) );
#517 = VERTEX_POINT ( 'NONE', #1902 ) ;
#518 = AXIS2_PLACEMENT_3D ( 'NONE', #431, #860, #638 ) ;
#519 = CARTESIAN_POINT ( 'NONE',  ( 1.905000000000000027, -2.089999999999999858, -0.09999999999999999167 ) ) ;
#520 = AXIS2_PLACEMENT_3D ( 'NONE', #2329, #273, #796 ) ;
#521 = LINE ( 'NONE', #1424, #2794 ) ;
#522 =( GEOMETRIC_REPRESENTATION_CONTEXT ( 3 ) GLOBAL_UNCERTAINTY_ASSIGNED_CONTEXT ( ( #378 ) ) GLOBAL_UNIT_ASSIGNED_CONTEXT ( ( #130, #369, #90 ) ) REPRESENTATION_CONTEXT ( 'NONE', 'WORKASPACE' ) );
#523 = CYLINDRICAL_SURFACE ( 'NONE', #2286, 0.01000000000000002623 ) ;
#524 = SURFACE_STYLE_FILL_AREA ( #488 ) ;
#525 = CIRCLE ( 'NONE', #7, 0.09999999999999982514 ) ;
#526 =( NAMED_UNIT ( * ) SI_UNIT ( $, .STERADIAN. ) SOLID_ANGLE_UNIT ( ) );
#527 = ORIENTED_EDGE ( 'NONE', *, *, #2635, .F. ) ;
#528 = UNCERTAINTY_MEASURE_WITH_UNIT (LENGTH_MEASURE( 1.000000000000000082E-05 ), #2681, 'distance_accuracy_value', 'NONE');
#529 = SURFACE_STYLE_USAGE ( .BOTH. , #2580 ) ;
#530 = CARTESIAN_POINT ( 'NONE',  ( -2.540000000000000036, 2.640000000000000124, 4.900000000000000355 ) ) ;
#531 = FACE_OUTER_BOUND ( 'NONE', #2071, .T. ) ;
#532 = SURFACE_STYLE_FILL_AREA ( #1211 ) ;
#533 =( NAMED_UNIT ( * ) PLANE_ANGLE_UNIT ( ) SI_UNIT ( $, .RADIAN. ) );
#534 = ORIENTED_EDGE ( 'NONE', *, *, #2258, .T. ) ;
#535 = CARTESIAN_POINT ( 'NONE',  ( -2.286808180023702786, 2.295620638476868258, 0.000000000000000000 ) ) ;
#536 = EDGE_CURVE ( 'NONE', #2769, #409, #1230, .T. ) ;
#537 = PRESENTATION_STYLE_ASSIGNMENT (( #319 ) ) ;
#538 = VERTEX_POINT ( 'NONE', #1283 ) ;
#539 = PLANE ( 'NONE',  #1440 ) ;
#540 = SURFACE_STYLE_USAGE ( .BOTH. , #128 ) ;
#541 = ORIENTED_EDGE ( 'NONE', *, *, #157, .T. ) ;
#542 = CARTESIAN_POINT ( 'NONE',  ( 2.652167334400297172, 2.646948992645574705, 0.04591124628898336085 ) ) ;
#543 = CARTESIAN_POINT ( 'NONE',  ( -2.597735026918963186, -2.697735026918963275, 4.957735026918963506 ) ) ;
#544 =( NAMED_UNIT ( * ) SI_UNIT ( $, .STERADIAN. ) SOLID_ANGLE_UNIT ( ) );
#545 = DIRECTION ( 'NONE',  ( -1.000000000000000000, 0.000000000000000000, 0.000000000000000000 ) ) ;
#546 = FILL_AREA_STYLE_COLOUR ( '', #463 ) ;
#547 = VERTEX_POINT ( 'NONE', #597 ) ;
#548 =( LENGTH_UNIT ( ) NAMED_UNIT ( * ) SI_UNIT ( .MILLI., .METRE. ) );
#549 = ADVANCED_FACE ( 'NONE', ( #2375 ), #2849, .T. ) ;
#550 =( LENGTH_UNIT ( ) NAMED_UNIT ( * ) SI_UNIT ( .MILLI., .METRE. ) );
#551 = CARTESIAN_POINT ( 'NONE',  ( -2.621304907451684318, 2.674165146386240810, 0.04226497308103788209 ) ) ;
#552 = ORIENTED_EDGE ( 'NONE', *, *, #861, .T. ) ;
#553 =( NAMED_UNIT ( * ) PLANE_ANGLE_UNIT ( ) SI_UNIT ( $, .RADIAN. ) );
#554 = ORIENTED_EDGE ( 'NONE', *, *, #1237, .F. ) ;
#555 = VECTOR ( 'NONE', #1551, 1000.000000000000000 ) ;
#556 =( GEOMETRIC_REPRESENTATION_CONTEXT ( 3 ) GLOBAL_UNCERTAINTY_ASSIGNED_CONTEXT ( ( #2753 ) ) GLOBAL_UNIT_ASSIGNED_CONTEXT ( ( #1810, #533, #2815 ) ) REPRESENTATION_CONTEXT ( 'NONE', 'WORKASPACE' ) );
#557 =( NAMED_UNIT ( * ) SI_UNIT ( $, .STERADIAN. ) SOLID_ANGLE_UNIT ( ) );
#558 = DIRECTION ( 'NONE',  ( 1.000000000000000000, -0.000000000000000000, -0.000000000000000000 ) ) ;
#559 = AXIS2_PLACEMENT_3D ( 'NONE', #2032, #33, #2266 ) ;
#560 = STYLED_ITEM ( 'NONE', ( #872 ), #1515 ) ;
#561 = ORIENTED_EDGE ( 'NONE', *, *, #1455, .F. ) ;
#562 = AXIS2_PLACEMENT_3D ( 'NONE', #76, #976, #2741 ) ;
#563 = PRESENTATION_LAYER_ASSIGNMENT (  '', '', ( #233 ) ) ;
#564 =( LENGTH_UNIT ( ) NAMED_UNIT ( * ) SI_UNIT ( .MILLI., .METRE. ) );
#565 = COLOUR_RGB ( '',0.2862745098039215508, 0.2862745098039215508, 0.2862745098039215508 ) ;
#566 = SHAPE_REPRESENTATION ( 'Body', ( #1861 ), #2 ) ;
#567 = ADVANCED_FACE ( 'NONE', ( #2810 ), #1702, .T. ) ;
#568 = SURFACE_SIDE_STYLE ('',( #1714 ) ) ;
#569 = STYLED_ITEM ( 'NONE', ( #1654 ), #515 ) ;
#570 = EDGE_LOOP ( 'NONE', ( #2345, #2033, #254, #2576 ) ) ;
#571 = CARTESIAN_POINT ( 'NONE',  ( 2.631030663926140267, -2.673062582892961725, 0.1249054981402142189 ) ) ;
#572 = STYLED_ITEM ( 'NONE', ( #946 ), #2663 ) ;
#573 = EDGE_CURVE ( 'NONE', #1073, #2085, #2709, .T. ) ;
#574 = ORIENTED_EDGE ( 'NONE', *, *, #398, .F. ) ;
#575 =( LENGTH_UNIT ( ) NAMED_UNIT ( * ) SI_UNIT ( .MILLI., .METRE. ) );
#576 = PRESENTATION_STYLE_ASSIGNMENT (( #529 ) ) ;
#577 =( LENGTH_UNIT ( ) NAMED_UNIT ( * ) SI_UNIT ( .MILLI., .METRE. ) );
#578 = PLANE ( 'NONE',  #2612 ) ;
#579 = ORIENTED_EDGE ( 'NONE', *, *, #2363, .F. ) ;
#580 = PRESENTATION_STYLE_ASSIGNMENT (( #1872 ) ) ;
#581 = CARTESIAN_POINT ( 'NONE',  ( -2.581959649094450970, -2.791539568547499073, 4.853018577200448824 ) ) ;
#582 = DIRECTION ( 'NONE',  ( 0.5773502691896289507, -0.5773502691896201799, -0.5773502691896282846 ) ) ;
#583 = PRESENTATION_STYLE_ASSIGNMENT (( #1298 ) ) ;
#584 = ORIENTED_EDGE ( 'NONE', *, *, #1096, .T. ) ;
#585 = DIRECTION ( 'NONE',  ( 0.000000000000000000, 0.000000000000000000, 1.000000000000000000 ) ) ;
#586 = VERTEX_POINT ( 'NONE', #1362 ) ;
#587 = CARTESIAN_POINT ( 'NONE',  ( 2.540000000000000480, -2.739999999999999325, 0.1000000000000000056 ) ) ;
#588 = EDGE_CURVE ( 'NONE', #1073, #2340, #1984, .T. ) ;
#589 = PRODUCT_DEFINITION_CONTEXT ( 'detailed design', #841, 'design' ) ;
#590 = FILL_AREA_STYLE ('',( #1222 ) ) ;
#591 =( NAMED_UNIT ( * ) PLANE_ANGLE_UNIT ( ) SI_UNIT ( $, .RADIAN. ) );
#592 = ORIENTED_EDGE ( 'NONE', *, *, #2122, .T. ) ;
#593 =( LENGTH_UNIT ( ) NAMED_UNIT ( * ) SI_UNIT ( .MILLI., .METRE. ) );
#594 = SURFACE_STYLE_FILL_AREA ( #1495 ) ;
#595 = CARTESIAN_POINT ( 'NONE',  ( -2.706934131648608854, 2.664094889548317635, 4.808158727481963268 ) ) ;
#596 =( NAMED_UNIT ( * ) SI_UNIT ( $, .STERADIAN. ) SOLID_ANGLE_UNIT ( ) );
#597 = CARTESIAN_POINT ( 'NONE',  ( -2.154999999999999805, -2.100000000000000089, 0.000000000000000000 ) ) ;
#598 = ORIENTED_EDGE ( 'NONE', *, *, #1190, .T. ) ;
#599 = DIRECTION ( 'NONE',  ( 1.000000000000000000, -2.602085213965215059E-14, 0.000000000000000000 ) ) ;
#600 =( LENGTH_UNIT ( ) NAMED_UNIT ( * ) SI_UNIT ( .MILLI., .METRE. ) );
#601 = MECHANICAL_DESIGN_GEOMETRIC_PRESENTATION_REPRESENTATION (  '', ( #1396 ), #2806 ) ;
#602 = SURFACE_STYLE_USAGE ( .BOTH. , #833 ) ;
#603 = DIRECTION ( 'NONE',  ( -1.000000000000000000, -0.000000000000000000, 0.000000000000000000 ) ) ;
#604 = COLOUR_RGB ( '',0.2862745098039215508, 0.2862745098039215508, 0.2862745098039215508 ) ;
#605 = EDGE_LOOP ( 'NONE', ( #1903, #293, #2776, #286 ) ) ;
#606 = VECTOR ( 'NONE', #2218, 1000.000000000000000 ) ;
#607 = CARTESIAN_POINT ( 'NONE',  ( -2.574165146386242942, -2.697735026918962831, 4.981304907451685970 ) ) ;
#608 =( GEOMETRIC_REPRESENTATION_CONTEXT ( 3 ) GLOBAL_UNCERTAINTY_ASSIGNED_CONTEXT ( ( #2727 ) ) GLOBAL_UNIT_ASSIGNED_CONTEXT ( ( #1845, #1625, #1002 ) ) REPRESENTATION_CONTEXT ( 'NONE', 'WORKASPACE' ) );
#609 = ADVANCED_FACE ( 'NONE', ( #2434 ), #1752, .T. ) ;
#610 = SURFACE_SIDE_STYLE ('',( #1899 ) ) ;
#611 = UNCERTAINTY_MEASURE_WITH_UNIT (LENGTH_MEASURE( 1.000000000000000082E-05 ), #260, 'distance_accuracy_value', 'NONE');
#612 = MECHANICAL_DESIGN_GEOMETRIC_PRESENTATION_REPRESENTATION (  '', ( #379 ), #2097 ) ;
#613 = DIRECTION ( 'NONE',  ( 0.4082482904638598531, 0.8164965809277282549, -0.4082482904638622401 ) ) ;
#614 =( NAMED_UNIT ( * ) PLANE_ANGLE_UNIT ( ) SI_UNIT ( $, .RADIAN. ) );
#615 = FILL_AREA_STYLE_COLOUR ( '', #665 ) ;
#616 =( GEOMETRIC_REPRESENTATION_CONTEXT ( 3 ) GLOBAL_UNCERTAINTY_ASSIGNED_CONTEXT ( ( #264 ) ) GLOBAL_UNIT_ASSIGNED_CONTEXT ( ( #460, #685, #654 ) ) REPRESENTATION_CONTEXT ( 'NONE', 'WORKASPACE' ) );
#617 = FILL_AREA_STYLE ('',( #1091 ) ) ;
#618 = PRESENTATION_LAYER_ASSIGNMENT (  '', '', ( #766 ) ) ;
#619 = VERTEX_POINT ( 'NONE', #1158 ) ;
#620 = PRESENTATION_LAYER_ASSIGNMENT (  '', '', ( #340 ) ) ;
#621 = LINE ( 'NONE', #1074, #1484 ) ;
#622 = SURFACE_SIDE_STYLE ('',( #1095 ) ) ;
#623 =( GEOMETRIC_REPRESENTATION_CONTEXT ( 3 ) GLOBAL_UNCERTAINTY_ASSIGNED_CONTEXT ( ( #2520 ) ) GLOBAL_UNIT_ASSIGNED_CONTEXT ( ( #1375, #2458, #1189 ) ) REPRESENTATION_CONTEXT ( 'NONE', 'WORKASPACE' ) );
#624 = SURFACE_STYLE_USAGE ( .BOTH. , #2171 ) ;
#625 = LINE ( 'NONE', #1080, #2531 ) ;
#626 = CARTESIAN_POINT ( 'NONE',  ( -1.155000000000000027, -2.100000000000000089, 0.000000000000000000 ) ) ;
#627 = COLOUR_RGB ( '',0.8313725490196077761, 0.8313725490196077761, 0.8313725490196077761 ) ;
#628 = ORIENTED_EDGE ( 'NONE', *, *, #2588, .T. ) ;
#629 = DIRECTION ( 'NONE',  ( 0.000000000000000000, 0.000000000000000000, 1.000000000000000000 ) ) ;
#630 = FILL_AREA_STYLE ('',( #2628 ) ) ;
#631 =( NAMED_UNIT ( * ) SI_UNIT ( $, .STERADIAN. ) SOLID_ANGLE_UNIT ( ) );
#632 = ORIENTED_EDGE ( 'NONE', *, *, #2478, .T. ) ;
#633 = CARTESIAN_POINT ( 'NONE',  ( -1.165000000000000258, -2.090000000000000302, -0.09999999999999999167 ) ) ;
#634 =( REPRESENTATION_RELATIONSHIP ('NONE','NONE', #2464, #1062 ) REPRESENTATION_RELATIONSHIP_WITH_TRANSFORMATION ( #2833 )SHAPE_REPRESENTATION_RELATIONSHIP( ) );
#635 = DIRECTION ( 'NONE',  ( 0.000000000000000000, -0.000000000000000000, 1.000000000000000000 ) ) ;
#636 = PLANE ( 'NONE',  #1446 ) ;
#637 = CARTESIAN_POINT ( 'NONE',  ( -2.540000000000000036, -2.740000000000000213, 0.000000000000000000 ) ) ;
#638 = DIRECTION ( 'NONE',  ( 1.000000000000000000, 0.000000000000000000, 0.000000000000000000 ) ) ;
#639 = CARTESIAN_POINT ( 'NONE',  ( 1.155000000000000027, -2.100000000000000089, 0.000000000000000000 ) ) ;
#640 = EDGE_CURVE ( 'NONE', #995, #1817, #525, .T. ) ;
#641 = CARTESIAN_POINT ( 'NONE',  ( -2.640000000000000124, 2.740000000000000213, 0.000000000000000000 ) ) ;
#642 = DIRECTION ( 'NONE',  ( -0.000000000000000000, -0.000000000000000000, -1.000000000000000000 ) ) ;
#643 = VERTEX_POINT ( 'NONE', #2242 ) ;
#644 = CARTESIAN_POINT ( 'NONE',  ( -2.597735026918961410, 2.721304907451684851, 4.934165146386243705 ) ) ;
#645 = LINE ( 'NONE', #367, #502 ) ;
#646 = DIRECTION ( 'NONE',  ( -1.321694076934709909E-16, -1.000000000000000000, -0.000000000000000000 ) ) ;
#647 = DIRECTION ( 'NONE',  ( -0.000000000000000000, -0.000000000000000000, -1.000000000000000000 ) ) ;
#648 = VECTOR ( 'NONE', #1503, 1000.000000000000000 ) ;
#649 = VECTOR ( 'NONE', #1371, 1000.000000000000000 ) ;
#650 = DIRECTION ( 'NONE',  ( 0.000000000000000000, 0.000000000000000000, 1.000000000000000000 ) ) ;
#651 = SURFACE_STYLE_FILL_AREA ( #2633 ) ;
#652 = ORIENTED_EDGE ( 'NONE', *, *, #2027, .T. ) ;
#653 = CIRCLE ( 'NONE', #228, 0.09999999999999982514 ) ;
#654 =( NAMED_UNIT ( * ) SI_UNIT ( $, .STERADIAN. ) SOLID_ANGLE_UNIT ( ) );
#655 = CIRCLE ( 'NONE', #231, 0.1000000000000000056 ) ;
#656 = AXIS2_PLACEMENT_3D ( 'NONE', #693, #926, #11 ) ;
#657 = ADVANCED_FACE ( 'NONE', ( #2021 ), #197, .T. ) ;
#658 = DIRECTION ( 'NONE',  ( -1.000000000000000000, -0.000000000000000000, -0.000000000000000000 ) ) ;
#659 = MECHANICAL_DESIGN_GEOMETRIC_PRESENTATION_REPRESENTATION (  '', ( #1527 ), #1087 ) ;
#660 = DIRECTION ( 'NONE',  ( 1.000000000000000000, 0.000000000000000000, -0.000000000000000000 ) ) ;
#661 = COLOUR_RGB ( '',0.8313725490196077761, 0.8313725490196077761, 0.8313725490196077761 ) ;
#662 = AXIS2_PLACEMENT_3D ( 'NONE', #391, #2624, #439 ) ;
#663 = CARTESIAN_POINT ( 'NONE',  ( -2.631030663926139379, -2.673062582892964389, 4.875094501859784657 ) ) ;
#664 = CARTESIAN_POINT ( 'NONE',  ( 2.540000000000000036, -2.639999999999999680, 4.900000000000000355 ) ) ;
#665 = COLOUR_RGB ( '',0.2862745098039215508, 0.2862745098039215508, 0.2862745098039215508 ) ;
#666 = DIRECTION ( 'NONE',  ( 1.000000000000000000, 0.000000000000000000, 0.000000000000000000 ) ) ;
#667 = ORIENTED_EDGE ( 'NONE', *, *, #1060, .F. ) ;
#668 = FACE_OUTER_BOUND ( 'NONE', #2497, .T. ) ;
#669 = SURFACE_SIDE_STYLE ('',( #1145 ) ) ;
#670 = UNCERTAINTY_MEASURE_WITH_UNIT (LENGTH_MEASURE( 1.000000000000000082E-05 ), #143, 'distance_accuracy_value', 'NONE');
#671 = CARTESIAN_POINT ( 'NONE',  ( 2.640000000000000124, 2.640000000000000124, 4.900000000000000355 ) ) ;
#672 = ORIENTED_EDGE ( 'NONE', *, *, #2841, .T. ) ;
#673 =( NAMED_UNIT ( * ) SI_UNIT ( $, .STERADIAN. ) SOLID_ANGLE_UNIT ( ) );
#674 = ORIENTED_EDGE ( 'NONE', *, *, #2653, .T. ) ;
#675 = CARTESIAN_POINT ( 'NONE',  ( -1.164999999999999369, 2.090000000000000302, -0.09999999999999999167 ) ) ;
#676 = DIRECTION ( 'NONE',  ( 0.000000000000000000, 0.000000000000000000, 1.000000000000000000 ) ) ;
#677 = DIRECTION ( 'NONE',  ( -2.025954424498460092E-16, 1.000000000000000000, 0.000000000000000000 ) ) ;
#678 = DIRECTION ( 'NONE',  ( -0.000000000000000000, -0.000000000000000000, -1.000000000000000000 ) ) ;
#679 = EDGE_CURVE ( 'NONE', #2736, #2407, #2876, .T. ) ;
#680 = UNCERTAINTY_MEASURE_WITH_UNIT (LENGTH_MEASURE( 1.000000000000000082E-05 ), #2694, 'distance_accuracy_value', 'NONE');
#681 = DIRECTION ( 'NONE',  ( 0.000000000000000000, 0.000000000000000000, -1.000000000000000000 ) ) ;
#682 = SURFACE_SIDE_STYLE ('',( #2679 ) ) ;
#683 = ORIENTED_EDGE ( 'NONE', *, *, #244, .T. ) ;
#684 = CARTESIAN_POINT ( 'NONE',  ( 1.405000000000000027, 2.089999999999999858, -0.09999999999999999167 ) ) ;
#685 =( NAMED_UNIT ( * ) PLANE_ANGLE_UNIT ( ) SI_UNIT ( $, .RADIAN. ) );
#686 = CARTESIAN_POINT ( 'NONE',  ( 2.154999999999999805, -2.100000000000000089, -0.08999999999999999667 ) ) ;
#687 = LINE ( 'NONE', #1531, #2852 ) ;
#688 = DIRECTION ( 'NONE',  ( -0.4082482904638640719, 0.4082482904638597976, 0.8164965809277271447 ) ) ;
#689 = FILL_AREA_STYLE ('',( #2685 ) ) ;
#690 = ORIENTED_EDGE ( 'NONE', *, *, #2804, .F. ) ;
#691 = SURFACE_STYLE_USAGE ( .BOTH. , #2249 ) ;
#692 =( LENGTH_UNIT ( ) NAMED_UNIT ( * ) SI_UNIT ( .MILLI., .METRE. ) );
#693 = CARTESIAN_POINT ( 'NONE',  ( 1.155000000000000027, -2.100000000000000089, 0.000000000000000000 ) ) ;
#694 = ADVANCED_FACE ( 'NONE', ( #1856 ), #2744, .T. ) ;
#695 = CARTESIAN_POINT ( 'NONE',  ( 2.150857864376269468, 2.095857864376268864, -0.1000000000000001166 ) ) ;
#696 = LINE ( 'NONE', #1101, #220 ) ;
#697 = ORIENTED_EDGE ( 'NONE', *, *, #1023, .T. ) ;
#698 = LINE ( 'NONE', #2506, #1870 ) ;
#699 = ADVANCED_FACE ( 'NONE', ( #32 ), #1618, .T. ) ;
#700 = CARTESIAN_POINT ( 'NONE',  ( -2.540000000000000480, 2.640000000000000124, 5.000000000000000888 ) ) ;
#701 = MECHANICAL_DESIGN_GEOMETRIC_PRESENTATION_REPRESENTATION (  '', ( #329 ), #2524 ) ;
#702 = COLOUR_RGB ( '',0.2862745098039215508, 0.2862745098039215508, 0.2862745098039215508 ) ;
#703 = CARTESIAN_POINT ( 'NONE',  ( -2.154999999999999805, -1.598280802577860042E-15, 0.000000000000000000 ) ) ;
#704 =( NAMED_UNIT ( * ) SI_UNIT ( $, .STERADIAN. ) SOLID_ANGLE_UNIT ( ) );
#705 =( GEOMETRIC_REPRESENTATION_CONTEXT ( 3 ) GLOBAL_UNCERTAINTY_ASSIGNED_CONTEXT ( ( #167 ) ) GLOBAL_UNIT_ASSIGNED_CONTEXT ( ( #1135, #1787, #2719 ) ) REPRESENTATION_CONTEXT ( 'NONE', 'WORKASPACE' ) );
#706 = SURFACE_SIDE_STYLE ('',( #1558 ) ) ;
#707 = ORIENTED_EDGE ( 'NONE', *, *, #357, .F. ) ;
#708 = CARTESIAN_POINT ( 'NONE',  ( 2.601381300126909046, -2.643302719437627957, -0.008521061192351284119 ) ) ;
#709 = CARTESIAN_POINT ( 'NONE',  ( -2.544368729000466622, 2.733309800894467401, 0.05116073505253342091 ) ) ;
#710 = PRESENTATION_LAYER_ASSIGNMENT (  '', '', ( #1398 ) ) ;
#711 = SURFACE_STYLE_USAGE ( .BOTH. , #2039 ) ;
#712 = PRESENTATION_LAYER_ASSIGNMENT (  '', '', ( #1403 ) ) ;
#713 = UNCERTAINTY_MEASURE_WITH_UNIT (LENGTH_MEASURE( 1.000000000000000082E-05 ), #2728, 'distance_accuracy_value', 'NONE');
#714 = PRESENTATION_LAYER_ASSIGNMENT (  '', '', ( #1629 ) ) ;
#715 = FILL_AREA_STYLE_COLOUR ( '', #2432 ) ;
#716 =( GEOMETRIC_REPRESENTATION_CONTEXT ( 3 ) GLOBAL_UNCERTAINTY_ASSIGNED_CONTEXT ( ( #1783 ) ) GLOBAL_UNIT_ASSIGNED_CONTEXT ( ( #1040, #1631, #1337 ) ) REPRESENTATION_CONTEXT ( 'NONE', 'WORKASPACE' ) );
#717 = CARTESIAN_POINT ( 'NONE',  ( 2.150857864376269912, -2.095857864376268864, -0.1000000000000000056 ) ) ;
#718 =( GEOMETRIC_REPRESENTATION_CONTEXT ( 3 ) GLOBAL_UNCERTAINTY_ASSIGNED_CONTEXT ( ( #1839 ) ) GLOBAL_UNIT_ASSIGNED_CONTEXT ( ( #577, #1471, #2542 ) ) REPRESENTATION_CONTEXT ( 'NONE', 'WORKASPACE' ) );
#719 = ORIENTED_EDGE ( 'NONE', *, *, #1219, .T. ) ;
#720 = PRODUCT_RELATED_PRODUCT_CATEGORY ( 'part', '', ( #2443 ) ) ;
#721 = EDGE_CURVE ( 'NONE', #1156, #1061, #521, .T. ) ;
#722 = STYLED_ITEM ( 'NONE', ( #2413 ), #657 ) ;
#723 = SURFACE_STYLE_USAGE ( .BOTH. , #21 ) ;
#724 = SURFACE_STYLE_FILL_AREA ( #2232 ) ;
#725 = CARTESIAN_POINT ( 'NONE',  ( 1.165000000000000702, -2.089999999999999414, -0.09999999999999999167 ) ) ;
#726 = LINE ( 'NONE', #1598, #1273 ) ;
#727 = PRESENTATION_STYLE_ASSIGNMENT (( #2028 ) ) ;
#728 = DIRECTION ( 'NONE',  ( -1.000000000000000000, 0.000000000000000000, 0.000000000000000000 ) ) ;
#729 = VERTEX_POINT ( 'NONE', #2068 ) ;
#730 = CARTESIAN_POINT ( 'NONE',  ( 2.540000000000000036, -1.370000000000000107, 4.900000000000000355 ) ) ;
#731 = APPLICATION_CONTEXT ( 'automotive_design' ) ;
#732 = SURFACE_STYLE_FILL_AREA ( #1171 ) ;
#733 = MANIFOLD_SOLID_BREP ( 'Imported1', #1349 ) ;
#734 = CARTESIAN_POINT ( 'NONE',  ( -2.597735026918963186, -2.697735026918962387, 4.957735026918963506 ) ) ;
#735 =( BOUNDED_SURFACE ( )  B_SPLINE_SURFACE ( 3, 3, ( 
 ( #23, #1800, #2704, #2498 ),
 ( #2900, #708, #1580, #2257 ),
 ( #1779, #258, #1535, #36 ),
 ( #1596, #2437, #437, #571 ) ),
 .UNSPECIFIED., .F., .F., .T. ) 
 B_SPLINE_SURFACE_WITH_KNOTS ( ( 4, 4 ),
 ( 4, 4 ),
 ( 0.000000000000000000, 1.000000000000000000 ),
 ( 0.000000000000000000, 1.000000000000000000 ),
 .UNSPECIFIED. ) 
 GEOMETRIC_REPRESENTATION_ITEM ( )  RATIONAL_B_SPLINE_SURFACE ( (
 ( 1.000000000000000000, 0.3333333333333280413, 0.3333333333333280413, 1.000000000000000000),
 ( 0.9245018060306376961, 0.3081672686768743286, 0.3081672686768743286, 0.9245018060306376961),
 ( 0.9245018060306376961, 0.3081672686768743286, 0.3081672686768743286, 0.9245018060306376961),
 ( 1.000000000000000000, 0.3333333333333280413, 0.3333333333333280413, 1.000000000000000000) ) ) 
 REPRESENTATION_ITEM ( '' )  SURFACE ( )  );
#736 = EDGE_CURVE ( 'NONE', #977, #856, #1279, .T. ) ;
#737 = FACE_OUTER_BOUND ( 'NONE', #787, .T. ) ;
#738 = CARTESIAN_POINT ( 'NONE',  ( 2.601381300126910379, 2.643302719437627069, 5.008521061192351631 ) ) ;
#739 = CARTESIAN_POINT ( 'NONE',  ( -2.539999999999999147, -2.639999999999999680, 0.1000000000000000056 ) ) ;
#740 = EDGE_CURVE ( 'NONE', #395, #1871, #78, .T. ) ;
#741 = ORIENTED_EDGE ( 'NONE', *, *, #2024, .F. ) ;
#742 = FILL_AREA_STYLE ('',( #261 ) ) ;
#743 = CARTESIAN_POINT ( 'NONE',  ( 2.597735026918963186, 2.674165146386243030, 0.01869509254831622919 ) ) ;
#744 = UNCERTAINTY_MEASURE_WITH_UNIT (LENGTH_MEASURE( 1.000000000000000082E-05 ), #1740, 'distance_accuracy_value', 'NONE');
#745 =( LENGTH_UNIT ( ) NAMED_UNIT ( * ) SI_UNIT ( .MILLI., .METRE. ) );
#746 = PLANE ( 'NONE',  #2416 ) ;
#747 = VERTEX_POINT ( 'NONE', #361 ) ;
#748 = FACE_OUTER_BOUND ( 'NONE', #2853, .T. ) ;
#749 = COLOUR_RGB ( '',0.8313725490196077761, 0.8313725490196077761, 0.8313725490196077761 ) ;
#750 = CIRCLE ( 'NONE', #1215, 0.09999999999999982514 ) ;
#751 =( NAMED_UNIT ( * ) PLANE_ANGLE_UNIT ( ) SI_UNIT ( $, .RADIAN. ) );
#752 = DIRECTION ( 'NONE',  ( 2.025954424498460092E-16, -1.000000000000000000, -0.000000000000000000 ) ) ;
#753 = PRESENTATION_STYLE_ASSIGNMENT (( #321 ) ) ;
#754 = ORIENTED_EDGE ( 'NONE', *, *, #846, .T. ) ;
#755 = AXIS2_PLACEMENT_3D ( 'NONE', #1656, #1670, #2578 ) ;
#756 = PRESENTATION_LAYER_ASSIGNMENT (  '', '', ( #1173 ) ) ;
#757 = ORIENTED_EDGE ( 'NONE', *, *, #2735, .T. ) ;
#758 = AXIS2_PLACEMENT_3D ( 'NONE', #1591, #2229, #2877 ) ;
#759 = STYLED_ITEM ( 'NONE', ( #902 ), #1792 ) ;
#760 =( NAMED_UNIT ( * ) PLANE_ANGLE_UNIT ( ) SI_UNIT ( $, .RADIAN. ) );
#761 = CARTESIAN_POINT ( 'NONE',  ( 2.573062582892962968, 2.731030663926139468, 0.1249054981402150794 ) ) ;
#762 = CARTESIAN_POINT ( 'NONE',  ( -2.145000000000000018, 2.089999999999999858, -0.09999999999999999167 ) ) ;
#763 = CIRCLE ( 'NONE', #1679, 0.1000000000000002554 ) ;
#764 = ORIENTED_EDGE ( 'NONE', *, *, #1320, .F. ) ;
#765 = DIRECTION ( 'NONE',  ( 1.000000000000000000, 0.000000000000000000, 0.000000000000000000 ) ) ;
#766 = STYLED_ITEM ( 'NONE', ( #1578 ), #457 ) ;
#767 = CIRCLE ( 'NONE', #2107, 0.1000000000000002554 ) ;
#768 = SURFACE_SIDE_STYLE ('',( #732 ) ) ;
#769 = MECHANICAL_DESIGN_GEOMETRIC_PRESENTATION_REPRESENTATION (  '', ( #342 ), #2062 ) ;
#770 = UNCERTAINTY_MEASURE_WITH_UNIT (LENGTH_MEASURE( 1.000000000000000082E-05 ), #2701, 'distance_accuracy_value', 'NONE');
#771 = COLOUR_RGB ( '',0.2862745098039215508, 0.2862745098039215508, 0.2862745098039215508 ) ;
#772 = CARTESIAN_POINT ( 'NONE',  ( 2.540000000000000480, -2.739999999999999769, 0.000000000000000000 ) ) ;
#773 = FILL_AREA_STYLE_COLOUR ( '', #2859 ) ;
#774 = ORIENTED_EDGE ( 'NONE', *, *, #320, .F. ) ;
#775 = LINE ( 'NONE', #2511, #1666 ) ;
#776 = PRESENTATION_LAYER_ASSIGNMENT (  '', '', ( #722 ) ) ;
#777 = EDGE_LOOP ( 'NONE', ( #1353, #1428, #2225, #1321 ) ) ;
#778 = CARTESIAN_POINT ( 'NONE',  ( 2.597735026918963186, 2.697735026918963275, 0.04226497308103694533 ) ) ;
#779 = EDGE_CURVE ( 'NONE', #2359, #643, #1516, .T. ) ;
#780 = SURFACE_STYLE_USAGE ( .BOTH. , #131 ) ;
#781 = ORIENTED_EDGE ( 'NONE', *, *, #967, .T. ) ;
#782 = FILL_AREA_STYLE_COLOUR ( '', #749 ) ;
#783 = CARTESIAN_POINT ( 'NONE',  ( 2.633309800894467312, -2.688839264947466834, 4.904368729000466942 ) ) ;
#784 = SURFACE_STYLE_USAGE ( .BOTH. , #1875 ) ;
#785 = EDGE_LOOP ( 'NONE', ( #1028, #1526, #344, #1236 ) ) ;
#786 = DIRECTION ( 'NONE',  ( 0.5773502691896243988, 0.5773502691896287287, -0.5773502691896240657 ) ) ;
#787 = EDGE_LOOP ( 'NONE', ( #632, #2630, #963, #2158, #2559 ) ) ;
#788 = DIRECTION ( 'NONE',  ( 1.000000000000000000, 1.051347561198070012E-16, -0.000000000000000000 ) ) ;
#789 =( NAMED_UNIT ( * ) PLANE_ANGLE_UNIT ( ) SI_UNIT ( $, .RADIAN. ) );
#790 =( LENGTH_UNIT ( ) NAMED_UNIT ( * ) SI_UNIT ( .MILLI., .METRE. ) );
#791 = ORIENTED_EDGE ( 'NONE', *, *, #1884, .T. ) ;
#792 = SURFACE_SIDE_STYLE ('',( #1360 ) ) ;
#793 = CARTESIAN_POINT ( 'NONE',  ( -2.652167334400295839, 2.646948992645576038, 4.954088753711018533 ) ) ;
#794 = EDGE_CURVE ( 'NONE', #1253, #1614, #1711, .T. ) ;
#795 =( LENGTH_UNIT ( ) NAMED_UNIT ( * ) SI_UNIT ( .MILLI., .METRE. ) );
#796 = DIRECTION ( 'NONE',  ( 0.000000000000000000, 0.000000000000000000, 1.000000000000000000 ) ) ;
#797 = ORIENTED_EDGE ( 'NONE', *, *, #794, .T. ) ;
#798 =( GEOMETRIC_REPRESENTATION_CONTEXT ( 3 ) GLOBAL_UNCERTAINTY_ASSIGNED_CONTEXT ( ( #884 ) ) GLOBAL_UNIT_ASSIGNED_CONTEXT ( ( #498, #2556, #269 ) ) REPRESENTATION_CONTEXT ( 'NONE', 'WORKASPACE' ) );
#799 = VERTEX_POINT ( 'NONE', #2613 ) ;
#800 = COLOUR_RGB ( '',0.2862745098039215508, 0.2862745098039215508, 0.2862745098039215508 ) ;
#801 = AXIS2_PLACEMENT_3D ( 'NONE', #1950, #2840, #2620 ) ;
#802 = CARTESIAN_POINT ( 'NONE',  ( 2.588839264947467189, 2.644368729000466267, 0.006690199105531710079 ) ) ;
#803 = MECHANICAL_DESIGN_GEOMETRIC_PRESENTATION_REPRESENTATION (  '', ( #1081 ), #892 ) ;
#804 = STYLED_ITEM ( 'NONE', ( #2773 ), #1494 ) ;
#805 = CARTESIAN_POINT ( 'NONE',  ( 2.597735026918962298, -2.697735026918962387, 4.957735026918965282 ) ) ;
#806 = PRESENTATION_STYLE_ASSIGNMENT (( #1893 ) ) ;
#807 = CIRCLE ( 'NONE', #1726, 0.09999999999999982514 ) ;
#808 = STYLED_ITEM ( 'NONE', ( #2819 ), #1505 ) ;
#809 = ORIENTED_EDGE ( 'NONE', *, *, #2103, .F. ) ;
#810 = COLOUR_RGB ( '',0.9607843137254902244, 0.9607843137254902244, 0.9607843137254902244 ) ;
#811 = PRODUCT_RELATED_PRODUCT_CATEGORY ( 'part', '', ( #2353 ) ) ;
#812 = AXIS2_PLACEMENT_3D ( 'NONE', #1694, #1649, #2594 ) ;
#813 = SURFACE_STYLE_FILL_AREA ( #2343 ) ;
#814 =( LENGTH_UNIT ( ) NAMED_UNIT ( * ) SI_UNIT ( .MILLI., .METRE. ) );
#815 = PRESENTATION_LAYER_ASSIGNMENT (  '', '', ( #385 ) ) ;
#816 = ORIENTED_EDGE ( 'NONE', *, *, #2247, .T. ) ;
#817 = MECHANICAL_DESIGN_GEOMETRIC_PRESENTATION_REPRESENTATION (  '', ( #2581 ), #623 ) ;
#818 = SURFACE_STYLE_USAGE ( .BOTH. , #1104 ) ;
#819 = ORIENTED_EDGE ( 'NONE', *, *, #2258, .F. ) ;
#820 = CARTESIAN_POINT ( 'NONE',  ( -2.154999999999999805, -2.100000000000000089, -0.08999999999999999667 ) ) ;
#821 =( LENGTH_UNIT ( ) NAMED_UNIT ( * ) SI_UNIT ( .MILLI., .METRE. ) );
#822 = FILL_AREA_STYLE ('',( #2362 ) ) ;
#823 = CARTESIAN_POINT ( 'NONE',  ( -2.540000000000000036, 2.640000000000000124, 4.900000000000000355 ) ) ;
#824 = ORIENTED_EDGE ( 'NONE', *, *, #2693, .T. ) ;
#825 = CARTESIAN_POINT ( 'NONE',  ( 2.597735026918962742, 2.697735026918962387, 0.04226497308103737555 ) ) ;
#826 = UNCERTAINTY_MEASURE_WITH_UNIT (LENGTH_MEASURE( 1.000000000000000082E-05 ), #692, 'distance_accuracy_value', 'NONE');
#827 = SURFACE_SIDE_STYLE ('',( #813 ) ) ;
#828 = PRESENTATION_STYLE_ASSIGNMENT (( #2185 ) ) ;
#829 = LINE ( 'NONE', #837, #1619 ) ;
#830 = EDGE_LOOP ( 'NONE', ( #2099, #781, #1468, #1004 ) ) ;
#831 = CARTESIAN_POINT ( 'NONE',  ( -2.439191034137319303, 2.682030276237608479, 5.057966438303960643 ) ) ;
#832 = PRODUCT_DEFINITION_CONTEXT ( 'detailed design', #2824, 'design' ) ;
#833 = SURFACE_SIDE_STYLE ('',( #1940 ) ) ;
#834 = ORIENTED_EDGE ( 'NONE', *, *, #2315, .T. ) ;
#835 = DIRECTION ( 'NONE',  ( 1.000000000000000000, 0.000000000000000000, 0.000000000000000000 ) ) ;
#836 = CARTESIAN_POINT ( 'NONE',  ( -5.551115123125779744E-16, 5.551115123125779744E-16, 5.000000000000000000 ) ) ;
#837 = CARTESIAN_POINT ( 'NONE',  ( -1.655000000000000027, -2.100000000000000089, 0.000000000000000000 ) ) ;
#838 = ORIENTED_EDGE ( 'NONE', *, *, #2140, .T. ) ;
#839 = PRODUCT_DEFINITION ( 'UNKNOWN', '', #1309, #1692 ) ;
#840 = AXIS2_PLACEMENT_3D ( 'NONE', #1933, #166, #2570 ) ;
#841 = APPLICATION_CONTEXT ( 'automotive_design' ) ;
#842 = DIRECTION ( 'NONE',  ( -1.000000000000000000, -1.051347561198070012E-16, -0.000000000000000000 ) ) ;
#843 = AXIS2_PLACEMENT_3D ( 'NONE', #1760, #1584, #1782 ) ;
#844 = FACE_OUTER_BOUND ( 'NONE', #2395, .T. ) ;
#845 =( NAMED_UNIT ( * ) SI_UNIT ( $, .STERADIAN. ) SOLID_ANGLE_UNIT ( ) );
#846 = EDGE_CURVE ( 'NONE', #267, #747, #1943, .T. ) ;
#847 = STYLED_ITEM ( 'NONE', ( #1339 ), #1250 ) ;
#848 = SURFACE_STYLE_USAGE ( .BOTH. , #2873 ) ;
#849 = PRESENTATION_LAYER_ASSIGNMENT (  '', '', ( #1081 ) ) ;
#850 = PRESENTATION_LAYER_ASSIGNMENT (  '', '', ( #808 ) ) ;
#851 = CARTESIAN_POINT ( 'NONE',  ( -2.597735026918961854, 2.697735026918963719, 4.957735026918962618 ) ) ;
#852 = AXIS2_PLACEMENT_3D ( 'NONE', #626, #443, #2861 ) ;
#853 = CARTESIAN_POINT ( 'NONE',  ( 2.515094501859786114, 2.673062582892962613, 4.991030663926141031 ) ) ;
#854 = CARTESIAN_POINT ( 'NONE',  ( -1.970803435900464695, 2.295620638476868258, 0.000000000000000000 ) ) ;
#855 = FACE_OUTER_BOUND ( 'NONE', #1936, .T. ) ;
#856 = VERTEX_POINT ( 'NONE', #1039 ) ;
#857 = LINE ( 'NONE', #869, #606 ) ;
#858 = SURFACE_STYLE_FILL_AREA ( #2207 ) ;
#859 = CARTESIAN_POINT ( 'NONE',  ( -1.320000000000000062, -2.640000000000000568, 5.000000000000000888 ) ) ;
#860 = DIRECTION ( 'NONE',  ( 0.000000000000000000, 0.000000000000000000, 1.000000000000000000 ) ) ;
#861 = EDGE_CURVE ( 'NONE', #619, #2445, #156, .T. ) ;
#862 = FILL_AREA_STYLE ('',( #2642 ) ) ;
#863 = CARTESIAN_POINT ( 'NONE',  ( 2.621304907451683874, -2.697735026918962387, 0.06583485361375795986 ) ) ;
#864 = EDGE_CURVE ( 'NONE', #2555, #1799, #1076, .T. ) ;
#865 = DIRECTION ( 'NONE',  ( -0.5773502691896199579, 0.5773502691896329475, 0.5773502691896242878 ) ) ;
#866 = DIRECTION ( 'NONE',  ( 0.000000000000000000, -1.000000000000000000, 0.000000000000000000 ) ) ;
#867 = CARTESIAN_POINT ( 'NONE',  ( 2.155000000000000693, -2.100000000000000089, -0.08999999999999999667 ) ) ;
#868 = ORIENTED_EDGE ( 'NONE', *, *, #2278, .F. ) ;
#869 = CARTESIAN_POINT ( 'NONE',  ( 1.155000000000000027, -2.100000000000000089, 0.000000000000000000 ) ) ;
#870 = DIRECTION ( 'NONE',  ( 2.025954424498460092E-16, -1.000000000000000000, 0.000000000000000000 ) ) ;
#871 = FILL_AREA_STYLE_COLOUR ( '', #944 ) ;
#872 = PRESENTATION_STYLE_ASSIGNMENT (( #1930 ) ) ;
#873 =( NAMED_UNIT ( * ) PLANE_ANGLE_UNIT ( ) SI_UNIT ( $, .RADIAN. ) );
#874 = SURFACE_SIDE_STYLE ('',( #651 ) ) ;
#875 = ORIENTED_EDGE ( 'NONE', *, *, #1536, .T. ) ;
#876 = ADVANCED_FACE ( 'NONE', ( #1257 ), #111, .T. ) ;
#877 = CARTESIAN_POINT ( 'NONE',  ( -2.597735026918962742, -2.697735026918963275, 0.04226497308103854128 ) ) ;
#878 =( LENGTH_UNIT ( ) NAMED_UNIT ( * ) SI_UNIT ( .MILLI., .METRE. ) );
#879 = EDGE_CURVE ( 'NONE', #2832, #517, #696, .T. ) ;
#880 = DIRECTION ( 'NONE',  ( 0.8164965809277264785, -0.4082482904638629062, -0.4082482904638622401 ) ) ;
#881 = CARTESIAN_POINT ( 'NONE',  ( 2.544368729000466178, -2.688839264947465502, 4.993309800894468076 ) ) ;
#882 = CARTESIAN_POINT ( 'NONE',  ( -2.597735026918962742, 2.697735026918963719, 4.957735026918963506 ) ) ;
#883 = SURFACE_STYLE_FILL_AREA ( #1328 ) ;
#884 = UNCERTAINTY_MEASURE_WITH_UNIT (LENGTH_MEASURE( 1.000000000000000082E-05 ), #498, 'distance_accuracy_value', 'NONE');
#885 = SHAPE_REPRESENTATION ( 'Bar', ( #1861 ), #1577 ) ;
#886 = PRESENTATION_LAYER_ASSIGNMENT (  '', '', ( #1766 ) ) ;
#887 = PRODUCT_CONTEXT ( 'NONE', #68, 'mechanical' ) ;
#888 = CARTESIAN_POINT ( 'NONE',  ( 2.543302719437627424, 2.701381300126908691, -0.008521061192350959726 ) ) ;
#889 = VECTOR ( 'NONE', #635, 1000.000000000000000 ) ;
#890 = CARTESIAN_POINT ( 'NONE',  ( 2.544368729000466622, -2.688839264947466834, 0.006690199105533009387 ) ) ;
#891 = ORIENTED_EDGE ( 'NONE', *, *, #157, .F. ) ;
#892 =( GEOMETRIC_REPRESENTATION_CONTEXT ( 3 ) GLOBAL_UNCERTAINTY_ASSIGNED_CONTEXT ( ( #611 ) ) GLOBAL_UNIT_ASSIGNED_CONTEXT ( ( #260, #1559, #1823 ) ) REPRESENTATION_CONTEXT ( 'NONE', 'WORKASPACE' ) );
#893 = STYLED_ITEM ( 'NONE', ( #2128 ), #1473 ) ;
#894 = CARTESIAN_POINT ( 'NONE',  ( 2.145000000000000018, -2.089999999999999858, -0.09999999999999999167 ) ) ;
#895 = DIRECTION ( 'NONE',  ( 1.000000000000000000, 1.051347561198070012E-16, 0.000000000000000000 ) ) ;
#896 = MECHANICAL_DESIGN_GEOMETRIC_PRESENTATION_REPRESENTATION (  '', ( #2152 ), #2427 ) ;
#897 = CARTESIAN_POINT ( 'NONE',  ( -2.154999999999999805, 2.100000000000000089, 0.000000000000000000 ) ) ;
#898 = EDGE_CURVE ( 'NONE', #1817, #1610, #1851, .T. ) ;
#899 = EDGE_LOOP ( 'NONE', ( #1888, #2105, #1293, #1948 ) ) ;
#900 =( GEOMETRIC_REPRESENTATION_CONTEXT ( 3 ) GLOBAL_UNCERTAINTY_ASSIGNED_CONTEXT ( ( #1922 ) ) GLOBAL_UNIT_ASSIGNED_CONTEXT ( ( #814, #126, #2164 ) ) REPRESENTATION_CONTEXT ( 'NONE', 'WORKASPACE' ) );
#901 =( NAMED_UNIT ( * ) PLANE_ANGLE_UNIT ( ) SI_UNIT ( $, .RADIAN. ) );
#902 = PRESENTATION_STYLE_ASSIGNMENT (( #1119 ) ) ;
#903 = LINE ( 'NONE', #2740, #1566 ) ;
#904 =( NAMED_UNIT ( * ) SI_UNIT ( $, .STERADIAN. ) SOLID_ANGLE_UNIT ( ) );
#905 = ORIENTED_EDGE ( 'NONE', *, *, #1780, .T. ) ;
#906 = SURFACE_SIDE_STYLE ('',( #2001 ) ) ;
#907 =( NAMED_UNIT ( * ) PLANE_ANGLE_UNIT ( ) SI_UNIT ( $, .RADIAN. ) );
#908 = LINE ( 'NONE', #2654, #2528 ) ;
#909 = DIRECTION ( 'NONE',  ( 0.000000000000000000, 0.000000000000000000, -1.000000000000000000 ) ) ;
#910 =( NAMED_UNIT ( * ) SI_UNIT ( $, .STERADIAN. ) SOLID_ANGLE_UNIT ( ) );
#911 = EDGE_CURVE ( 'NONE', #1853, #2340, #1554, .T. ) ;
#912 = FILL_AREA_STYLE ('',( #55 ) ) ;
#913 = CARTESIAN_POINT ( 'NONE',  ( -2.286808180023702786, -2.295620638476868258, 0.000000000000000000 ) ) ;
#914 = EDGE_CURVE ( 'NONE', #2313, #267, #2648, .T. ) ;
#915 = UNCERTAINTY_MEASURE_WITH_UNIT (LENGTH_MEASURE( 1.000000000000000082E-05 ), #2784, 'distance_accuracy_value', 'NONE');
#916 =( NAMED_UNIT ( * ) SI_UNIT ( $, .STERADIAN. ) SOLID_ANGLE_UNIT ( ) );
#917 = ORIENTED_EDGE ( 'NONE', *, *, #1934, .F. ) ;
#918 = DIRECTION ( 'NONE',  ( 1.000000000000000000, -0.000000000000000000, -0.000000000000000000 ) ) ;
#919 = CYLINDRICAL_SURFACE ( 'NONE', #812, 0.09999999999999982514 ) ;
#920 = FILL_AREA_STYLE_COLOUR ( '', #1134 ) ;
#921 = DIRECTION ( 'NONE',  ( 1.000000000000000000, 0.000000000000000000, 0.000000000000000000 ) ) ;
#922 = ORIENTED_EDGE ( 'NONE', *, *, #2693, .F. ) ;
#923 = FILL_AREA_STYLE_COLOUR ( '', #504 ) ;
#924 =( NAMED_UNIT ( * ) SI_UNIT ( $, .STERADIAN. ) SOLID_ANGLE_UNIT ( ) );
#925 = DIRECTION ( 'NONE',  ( -0.000000000000000000, 0.000000000000000000, 1.000000000000000000 ) ) ;
#926 = DIRECTION ( 'NONE',  ( -1.000000000000000000, -2.312964634635739999E-16, 0.000000000000000000 ) ) ;
#927 = ADVANCED_FACE ( 'NONE', ( #2874 ), #2392, .T. ) ;
#928 = LINE ( 'NONE', #2262, #1442 ) ;
#929 = VERTEX_POINT ( 'NONE', #180 ) ;
#930 = PRESENTATION_STYLE_ASSIGNMENT (( #602 ) ) ;
#931 =( GEOMETRIC_REPRESENTATION_CONTEXT ( 3 ) GLOBAL_UNCERTAINTY_ASSIGNED_CONTEXT ( ( #1477 ) ) GLOBAL_UNIT_ASSIGNED_CONTEXT ( ( #513, #1827, #2260 ) ) REPRESENTATION_CONTEXT ( 'NONE', 'WORKASPACE' ) );
#932 = CIRCLE ( 'NONE', #2146, 0.09999999999999982514 ) ;
#933 = CARTESIAN_POINT ( 'NONE',  ( -1.970803435900464695, 2.295620638476868258, 0.002000000000000000909 ) ) ;
#934 = CARTESIAN_POINT ( 'NONE',  ( 2.145000000000000018, 2.089999999999999414, -0.09999999999999999167 ) ) ;
#935 = COLOUR_RGB ( '',0.2862745098039215508, 0.2862745098039215508, 0.2862745098039215508 ) ;
#936 = AXIS2_PLACEMENT_3D ( 'NONE', #1148, #20, #921 ) ;
#937 = CARTESIAN_POINT ( 'NONE',  ( -2.706934131648606190, -2.548158727481961261, 0.07590511045168041315 ) ) ;
#938 = VERTEX_POINT ( 'NONE', #639 ) ;
#939 = SURFACE_STYLE_USAGE ( .BOTH. , #2012 ) ;
#940 = SURFACE_STYLE_FILL_AREA ( #912 ) ;
#941 = MECHANICAL_DESIGN_GEOMETRIC_PRESENTATION_REPRESENTATION (  '', ( #45 ), #467 ) ;
#942 =( GEOMETRIC_REPRESENTATION_CONTEXT ( 3 ) GLOBAL_UNCERTAINTY_ASSIGNED_CONTEXT ( ( #2221 ) ) GLOBAL_UNIT_ASSIGNED_CONTEXT ( ( #1661, #1254, #2093 ) ) REPRESENTATION_CONTEXT ( 'NONE', 'WORKASPACE' ) );
#943 = UNCERTAINTY_MEASURE_WITH_UNIT (LENGTH_MEASURE( 1.000000000000000082E-05 ), #1090, 'distance_accuracy_value', 'NONE');
#944 = COLOUR_RGB ( '',0.8313725490196077761, 0.8313725490196077761, 0.8313725490196077761 ) ;
#945 = CARTESIAN_POINT ( 'NONE',  ( 2.154999999999999805, -2.100000000000000089, 0.000000000000000000 ) ) ;
#946 = PRESENTATION_STYLE_ASSIGNMENT (( #2045 ) ) ;
#947 = CARTESIAN_POINT ( 'NONE',  ( 2.155000000000000693, -2.100000000000000089, -0.09585786437626901690 ) ) ;
#948 = COLOUR_RGB ( '',0.8313725490196077761, 0.8313725490196077761, 0.8313725490196077761 ) ;
#949 = VERTEX_POINT ( 'NONE', #1126 ) ;
#950 = ADVANCED_FACE ( 'NONE', ( #1785 ), #1741, .T. ) ;
#951 = DIRECTION ( 'NONE',  ( 0.000000000000000000, 1.000000000000000000, 0.000000000000000000 ) ) ;
#952 = FILL_AREA_STYLE_COLOUR ( '', #1716 ) ;
#953 =( GEOMETRIC_REPRESENTATION_CONTEXT ( 3 ) GLOBAL_UNCERTAINTY_ASSIGNED_CONTEXT ( ( #2487 ) ) GLOBAL_UNIT_ASSIGNED_CONTEXT ( ( #418, #1310, #2698 ) ) REPRESENTATION_CONTEXT ( 'NONE', 'WORKASPACE' ) );
#954 = CARTESIAN_POINT ( 'NONE',  ( 1.320000000000000062, 2.640000000000000124, 0.1000000000000000056 ) ) ;
#955 = CARTESIAN_POINT ( 'NONE',  ( -2.648521061192351311, 2.701381300126909135, 0.09669728056237229807 ) ) ;
#956 = CARTESIAN_POINT ( 'NONE',  ( 2.582030276237607502, 2.539191034137318503, 5.057966438303960643 ) ) ;
#957 = CARTESIAN_POINT ( 'NONE',  ( 2.539999999999999591, -2.640000000000000124, 4.900000000000001243 ) ) ;
#958 = ORIENTED_EDGE ( 'NONE', *, *, #1880, .T. ) ;
#959 = CARTESIAN_POINT ( 'NONE',  ( 2.573062582892962968, 2.731030663926139468, 0.1249054981402152181 ) ) ;
#960 = CARTESIAN_POINT ( 'NONE',  ( 2.540000000000000036, 2.640000000000000124, 4.900000000000000355 ) ) ;
#961 =( NAMED_UNIT ( * ) PLANE_ANGLE_UNIT ( ) SI_UNIT ( $, .RADIAN. ) );
#962 = CARTESIAN_POINT ( 'NONE',  ( 2.155000000000000693, -2.100000000000000089, -0.08999999999999999667 ) ) ;
#963 = ORIENTED_EDGE ( 'NONE', *, *, #2787, .T. ) ;
#964 = PRESENTATION_STYLE_ASSIGNMENT (( #64 ) ) ;
#965 = EDGE_CURVE ( 'NONE', #2418, #517, #928, .T. ) ;
#966 = FILL_AREA_STYLE_COLOUR ( '', #627 ) ;
#967 = EDGE_CURVE ( 'NONE', #547, #538, #2279, .T. ) ;
#968 = CARTESIAN_POINT ( 'NONE',  ( -2.515094501859785669, 2.731030663926139024, 0.06693741710703812742 ) ) ;
#969 = EDGE_LOOP ( 'NONE', ( #1517, #275, #1425, #2505, #2018, #1639 ) ) ;
#970 = FILL_AREA_STYLE_COLOUR ( '', #1030 ) ;
#971 = SURFACE_STYLE_FILL_AREA ( #1876 ) ;
#972 = VERTEX_POINT ( 'NONE', #2079 ) ;
#973 = UNCERTAINTY_MEASURE_WITH_UNIT (LENGTH_MEASURE( 1.000000000000000082E-05 ), #2396, 'distance_accuracy_value', 'NONE');
#974 = CARTESIAN_POINT ( 'NONE',  ( 2.540000000000000036, -2.640000000000000124, 0.1000000000000000056 ) ) ;
#975 = FILL_AREA_STYLE ('',( #1459 ) ) ;
#976 = DIRECTION ( 'NONE',  ( -0.000000000000000000, -0.000000000000000000, -1.000000000000000000 ) ) ;
#977 = VERTEX_POINT ( 'NONE', #266 ) ;
#978 = DIRECTION ( 'NONE',  ( -1.000000000000000000, -1.051347561198070012E-16, 0.000000000000000000 ) ) ;
#979 = CARTESIAN_POINT ( 'NONE',  ( 1.154999999999999361, 2.100000000000000089, -0.09585786437626922507 ) ) ;
#980 = CARTESIAN_POINT ( 'NONE',  ( -1.320000000000000062, -2.739999999999999769, 0.1000000000000000056 ) ) ;
#981 = STYLED_ITEM ( 'NONE', ( #576 ), #1968 ) ;
#982 = ORIENTED_EDGE ( 'NONE', *, *, #1096, .F. ) ;
#983 = MECHANICAL_DESIGN_GEOMETRIC_PRESENTATION_REPRESENTATION (  '', ( #847 ), #1082 ) ;
#984 = EDGE_CURVE ( 'NONE', #972, #995, #186, .T. ) ;
#985 = DIRECTION ( 'NONE',  ( 1.000000000000000000, 0.000000000000000000, 0.000000000000000000 ) ) ;
#986 = AXIS2_PLACEMENT_3D ( 'NONE', #2851, #2357, #1312 ) ;
#987 = ORIENTED_EDGE ( 'NONE', *, *, #2176, .F. ) ;
#988 = FILL_AREA_STYLE ('',( #87 ) ) ;
#989 =( GEOMETRIC_REPRESENTATION_CONTEXT ( 3 ) GLOBAL_UNCERTAINTY_ASSIGNED_CONTEXT ( ( #349 ) ) GLOBAL_UNIT_ASSIGNED_CONTEXT ( ( #550, #501, #1378 ) ) REPRESENTATION_CONTEXT ( 'NONE', 'WORKASPACE' ) );
#990 = CARTESIAN_POINT ( 'NONE',  ( 2.155000000000000249, 2.100000000000000089, -0.08999999999999999667 ) ) ;
#991 = AXIS2_PLACEMENT_3D ( 'NONE', #2860, #650, #1763 ) ;
#992 = DIRECTION ( 'NONE',  ( 2.025954424498460092E-16, -1.000000000000000000, 0.000000000000000000 ) ) ;
#993 = DIRECTION ( 'NONE',  ( -1.321694076934709909E-16, -1.000000000000000000, 0.000000000000000000 ) ) ;
#994 = COLOUR_RGB ( '',0.8313725490196077761, 0.8313725490196077761, 0.8313725490196077761 ) ;
#995 = VERTEX_POINT ( 'NONE', #2064 ) ;
#996 = AXIS2_PLACEMENT_3D ( 'NONE', #481, #677, #2485 ) ;
#997 = CIRCLE ( 'NONE', #2244, 0.09999999999999989453 ) ;
#998 = VECTOR ( 'NONE', #268, 1000.000000000000000 ) ;
#999 = CARTESIAN_POINT ( 'NONE',  ( 1.154999999999998916, 2.100000000000000089, -0.08999999999999999667 ) ) ;
#1000 = FILL_AREA_STYLE ('',( #773 ) ) ;
#1001 = ORIENTED_EDGE ( 'NONE', *, *, #396, .F. ) ;
#1002 =( NAMED_UNIT ( * ) SI_UNIT ( $, .STERADIAN. ) SOLID_ANGLE_UNIT ( ) );
#1003 = CARTESIAN_POINT ( 'NONE',  ( -2.540000000000000036, -2.640000000000000124, 0.1000000000000000056 ) ) ;
#1004 = ORIENTED_EDGE ( 'NONE', *, *, #794, .F. ) ;
#1005 = PRESENTATION_LAYER_ASSIGNMENT (  '', '', ( #2866 ) ) ;
#1006 = EDGE_CURVE ( 'NONE', #517, #538, #1167, .T. ) ;
#1007 = DIRECTION ( 'NONE',  ( 1.000000000000000000, 0.000000000000000000, 0.000000000000000000 ) ) ;
#1008 = FILL_AREA_STYLE ('',( #1408 ) ) ;
#1009 = ORIENTED_EDGE ( 'NONE', *, *, #1985, .F. ) ;
#1010 = CARTESIAN_POINT ( 'NONE',  ( -2.597735026918961854, 2.697735026918963719, 4.957735026918963506 ) ) ;
#1011 = FACE_OUTER_BOUND ( 'NONE', #1466, .T. ) ;
#1012 =( NAMED_UNIT ( * ) SI_UNIT ( $, .STERADIAN. ) SOLID_ANGLE_UNIT ( ) );
#1013 = ORIENTED_EDGE ( 'NONE', *, *, #374, .F. ) ;
#1014 = CARTESIAN_POINT ( 'NONE',  ( 2.597735026918962298, 2.697735026918963275, 4.957735026918965282 ) ) ;
#1015 = SURFACE_STYLE_FILL_AREA ( #310 ) ;
#1016 = ORIENTED_EDGE ( 'NONE', *, *, #2863, .F. ) ;
#1017 = CARTESIAN_POINT ( 'NONE',  ( 2.588839264947467633, 2.733309800894467401, 0.09563127099953457055 ) ) ;
#1018 = CARTESIAN_POINT ( 'NONE',  ( 2.574165146386240277, -2.697735026918961498, 4.981304907451685970 ) ) ;
#1019 = DIRECTION ( 'NONE',  ( 1.000000000000000000, 0.000000000000000000, -0.000000000000000000 ) ) ;
#1020 = CARTESIAN_POINT ( 'NONE',  ( -1.970803435900464695, 2.295620638476868258, 0.000000000000000000 ) ) ;
#1021 = SURFACE_STYLE_FILL_AREA ( #1008 ) ;
#1022 = ORIENTED_EDGE ( 'NONE', *, *, #1320, .T. ) ;
#1023 = EDGE_CURVE ( 'NONE', #517, #2827, #2689, .T. ) ;
#1024 = FILL_AREA_STYLE ('',( #1070 ) ) ;
#1025 = CARTESIAN_POINT ( 'NONE',  ( 2.597735026918966295, 2.697735026918963275, 4.957735026918962618 ) ) ;
#1026 = LINE ( 'NONE', #1233, #2616 ) ;
#1027 = ORIENTED_EDGE ( 'NONE', *, *, #66, .T. ) ;
#1028 = ORIENTED_EDGE ( 'NONE', *, *, #357, .T. ) ;
#1029 = PRESENTATION_LAYER_ASSIGNMENT (  '', '', ( #2565 ) ) ;
#1030 = COLOUR_RGB ( '',0.2862745098039215508, 0.2862745098039215508, 0.2862745098039215508 ) ;
#1031 = SURFACE_STYLE_USAGE ( .BOTH. , #1249 ) ;
#1032 = CLOSED_SHELL ( 'NONE', ( #477, #1792, #1256, #219, #174, #1112, #1938, #1968, #2731, #120, #427, #567, #408, #2191, #2165, #2634, #1302, #927, #1250, #444, #609, #263, #457, #2069, #283, #2774, #549, #657, #1505, #1292, #1407, #876, #44, #2557 ) ) ;
#1033 =( BOUNDED_SURFACE ( )  B_SPLINE_SURFACE ( 3, 3, ( 
 ( #116, #1835, #1014, #2577 ),
 ( #2131, #738, #339, #503 ),
 ( #1207, #2115, #1645, #1246 ),
 ( #1655, #956, #1607, #2737 ) ),
 .UNSPECIFIED., .F., .F., .T. ) 
 B_SPLINE_SURFACE_WITH_KNOTS ( ( 4, 4 ),
 ( 4, 4 ),
 ( 0.000000000000000000, 1.000000000000000000 ),
 ( 0.000000000000000000, 1.000000000000000000 ),
 .UNSPECIFIED. ) 
 GEOMETRIC_REPRESENTATION_ITEM ( )  RATIONAL_B_SPLINE_SURFACE ( (
 ( 1.000000000000000000, 0.3333333333333318715, 0.3333333333333318715, 1.000000000000000000),
 ( 0.9245018060306372520, 0.3081672686768777147, 0.3081672686768777147, 0.9245018060306372520),
 ( 0.9245018060306372520, 0.3081672686768777147, 0.3081672686768777147, 0.9245018060306372520),
 ( 1.000000000000000000, 0.3333333333333318715, 0.3333333333333318715, 1.000000000000000000) ) ) 
 REPRESENTATION_ITEM ( '' )  SURFACE ( )  );
#1034 =( NAMED_UNIT ( * ) SI_UNIT ( $, .STERADIAN. ) SOLID_ANGLE_UNIT ( ) );
#1035 = MECHANICAL_DESIGN_GEOMETRIC_PRESENTATION_REPRESENTATION (  '', ( #2328 ), #1395 ) ;
#1036 = ORIENTED_EDGE ( 'NONE', *, *, #2455, .F. ) ;
#1037 = DIRECTION ( 'NONE',  ( 0.000000000000000000, -1.000000000000000000, -0.000000000000000000 ) ) ;
#1038 = VECTOR ( 'NONE', #307, 1000.000000000000000 ) ;
#1039 = CARTESIAN_POINT ( 'NONE',  ( 2.540000000000000036, -2.640000000000000124, 5.000000000000000888 ) ) ;
#1040 =( LENGTH_UNIT ( ) NAMED_UNIT ( * ) SI_UNIT ( .MILLI., .METRE. ) );
#1041 = EDGE_CURVE ( 'NONE', #2340, #247, #98, .T. ) ;
#1042 = CIRCLE ( 'NONE', #1819, 0.1000000000000000333 ) ;
#1043 = PLANE ( 'NONE',  #184 ) ;
#1044 = MECHANICAL_DESIGN_GEOMETRIC_PRESENTATION_REPRESENTATION (  '', ( #1581 ), #900 ) ;
#1045 = AXIS2_PLACEMENT_3D ( 'NONE', #2830, #2593, #1019 ) ;
#1046 = LINE ( 'NONE', #2867, #1435 ) ;
#1047 = EDGE_LOOP ( 'NONE', ( #2492, #1547, #1381, #1144 ) ) ;
#1048 = FILL_AREA_STYLE_COLOUR ( '', #417 ) ;
#1049 = SURFACE_STYLE_FILL_AREA ( #429 ) ;
#1050 = CARTESIAN_POINT ( 'NONE',  ( -2.639999999999999236, -2.640000000000000124, 0.1000000000000000056 ) ) ;
#1051 = FACE_OUTER_BOUND ( 'NONE', #1691, .T. ) ;
#1052 = LINE ( 'NONE', #2607, #1622 ) ;
#1053 = ORIENTED_EDGE ( 'NONE', *, *, #2543, .T. ) ;
#1054 =( LENGTH_UNIT ( ) NAMED_UNIT ( * ) SI_UNIT ( .MILLI., .METRE. ) );
#1055 = DIRECTION ( 'NONE',  ( -0.5773502691896241767, -0.5773502691896285066, -0.5773502691896245098 ) ) ;
#1056 = UNCERTAINTY_MEASURE_WITH_UNIT (LENGTH_MEASURE( 1.000000000000000082E-05 ), #15, 'distance_accuracy_value', 'NONE');
#1057 = SURFACE_STYLE_USAGE ( .BOTH. , #568 ) ;
#1058 = SURFACE_STYLE_FILL_AREA ( #1452 ) ;
#1059 = CARTESIAN_POINT ( 'NONE',  ( 2.540000000000000036, -2.640000000000000124, 0.000000000000000000 ) ) ;
#1060 = EDGE_CURVE ( 'NONE', #1614, #2832, #1422, .T. ) ;
#1061 = VERTEX_POINT ( 'NONE', #2504 ) ;
#1062 = SHAPE_REPRESENTATION ( 'Leads', ( #1861 ), #1627 ) ;
#1063 = LINE ( 'NONE', #2153, #2756 ) ;
#1064 = CARTESIAN_POINT ( 'NONE',  ( 2.540000000000000036, -2.640000000000000124, 4.900000000000000355 ) ) ;
#1065 = FILL_AREA_STYLE ('',( #2605 ) ) ;
#1066 = CYLINDRICAL_SURFACE ( 'NONE', #662, 0.01000000000000002623 ) ;
#1067 =( NAMED_UNIT ( * ) PLANE_ANGLE_UNIT ( ) SI_UNIT ( $, .RADIAN. ) );
#1068 = DIRECTION ( 'NONE',  ( 0.000000000000000000, 0.000000000000000000, 1.000000000000000000 ) ) ;
#1069 = FACE_OUTER_BOUND ( 'NONE', #830, .T. ) ;
#1070 = FILL_AREA_STYLE_COLOUR ( '', #2700 ) ;
#1071 = CARTESIAN_POINT ( 'NONE',  ( 2.493018577200451169, 2.791539568547497741, 4.941959649094452622 ) ) ;
#1072 = SURFACE_SIDE_STYLE ('',( #1058 ) ) ;
#1073 = VERTEX_POINT ( 'NONE', #485 ) ;
#1074 = CARTESIAN_POINT ( 'NONE',  ( -2.286808180023702786, 0.000000000000000000, 0.002000000000000000909 ) ) ;
#1075 = ADVANCED_FACE ( 'NONE', ( #495 ), #746, .T. ) ;
#1076 = CIRCLE ( 'NONE', #840, 0.1000000000000000333 ) ;
#1077 = CARTESIAN_POINT ( 'NONE',  ( -2.621304907451683874, -2.697735026918963275, 4.934165146386241929 ) ) ;
#1078 = AXIS2_PLACEMENT_3D ( 'NONE', #2688, #451, #1597 ) ;
#1079 =( LENGTH_UNIT ( ) NAMED_UNIT ( * ) SI_UNIT ( .MILLI., .METRE. ) );
#1080 = CARTESIAN_POINT ( 'NONE',  ( -1.905000000000000027, 2.089999999999999858, -0.09999999999999999167 ) ) ;
#1081 = STYLED_ITEM ( 'NONE', ( #1836 ), #2165 ) ;
#1082 =( GEOMETRIC_REPRESENTATION_CONTEXT ( 3 ) GLOBAL_UNCERTAINTY_ASSIGNED_CONTEXT ( ( #1291 ) ) GLOBAL_UNIT_ASSIGNED_CONTEXT ( ( #489, #2450, #910 ) ) REPRESENTATION_CONTEXT ( 'NONE', 'WORKASPACE' ) );
#1083 = APPLICATION_PROTOCOL_DEFINITION ( 'draft international standard', 'automotive_design', 1998, #68 ) ;
#1084 = PRESENTATION_STYLE_ASSIGNMENT (( #1994 ) ) ;
#1085 = VECTOR ( 'NONE', #1037, 1000.000000000000000 ) ;
#1086 = PRESENTATION_STYLE_ASSIGNMENT (( #2238 ) ) ;
#1087 =( GEOMETRIC_REPRESENTATION_CONTEXT ( 3 ) GLOBAL_UNCERTAINTY_ASSIGNED_CONTEXT ( ( #2390 ) ) GLOBAL_UNIT_ASSIGNED_CONTEXT ( ( #2864, #284, #1212 ) ) REPRESENTATION_CONTEXT ( 'NONE', 'WORKASPACE' ) );
#1088 = MECHANICAL_DESIGN_GEOMETRIC_PRESENTATION_REPRESENTATION (  '', ( #2473 ), #616 ) ;
#1089 = FACE_OUTER_BOUND ( 'NONE', #570, .T. ) ;
#1090 =( LENGTH_UNIT ( ) NAMED_UNIT ( * ) SI_UNIT ( .MILLI., .METRE. ) );
#1091 = FILL_AREA_STYLE_COLOUR ( '', #2802 ) ;
#1092 = EDGE_LOOP ( 'NONE', ( #1423, #2074, #338, #1009 ) ) ;
#1093 = PRESENTATION_LAYER_ASSIGNMENT (  '', '', ( #2338 ) ) ;
#1094 = CARTESIAN_POINT ( 'NONE',  ( -2.543302719437626092, 2.748521061192350512, 4.961381300126909366 ) ) ;
#1095 = SURFACE_STYLE_FILL_AREA ( #2623 ) ;
#1096 = EDGE_CURVE ( 'NONE', #1492, #2213, #461, .T. ) ;
#1097 = LINE ( 'NONE', #2638, #49 ) ;
#1098 = CARTESIAN_POINT ( 'NONE',  ( 2.154999999999999805, -2.100000000000000089, 0.000000000000000000 ) ) ;
#1099 = DIRECTION ( 'NONE',  ( 1.000000000000000000, 0.000000000000000000, 0.000000000000000000 ) ) ;
#1100 = EDGE_CURVE ( 'NONE', #1346, #155, #2273, .T. ) ;
#1101 = CARTESIAN_POINT ( 'NONE',  ( -2.154999999999999805, 2.100000000000000089, -0.08999999999999999667 ) ) ;
#1102 = PRESENTATION_STYLE_ASSIGNMENT (( #1113 ) ) ;
#1103 = CARTESIAN_POINT ( 'NONE',  ( -1.320000000000000062, -2.640000000000000124, 4.900000000000000355 ) ) ;
#1104 = SURFACE_SIDE_STYLE ('',( #2201 ) ) ;
#1105 = ORIENTED_EDGE ( 'NONE', *, *, #170, .F. ) ;
#1106 = CARTESIAN_POINT ( 'NONE',  ( -2.573062582892961636, 2.615094501859786646, 4.991030663926141031 ) ) ;
#1107 = DIRECTION ( 'NONE',  ( 0.000000000000000000, -1.000000000000000000, 0.000000000000000000 ) ) ;
#1108 = CARTESIAN_POINT ( 'NONE',  ( 2.640000000000000124, -1.370000000000000107, 0.1000000000000000056 ) ) ;
#1109 = SHAPE_REPRESENTATION_RELATIONSHIP ( 'NONE' , 'NONE' ,  #885, #2894 ) ;
#1110 = CARTESIAN_POINT ( 'NONE',  ( 2.155000000000000249, -2.100000000000000089, 0.000000000000000000 ) ) ;
#1111 = ORIENTED_EDGE ( 'NONE', *, *, #1539, .F. ) ;
#1112 = ADVANCED_FACE ( 'NONE', ( #1737 ), #401, .T. ) ;
#1113 = SURFACE_STYLE_USAGE ( .BOTH. , #6 ) ;
#1114 = DIRECTION ( 'NONE',  ( -0.000000000000000000, -0.000000000000000000, -1.000000000000000000 ) ) ;
#1115 = ORIENTED_EDGE ( 'NONE', *, *, #1729, .F. ) ;
#1116 =( LENGTH_UNIT ( ) NAMED_UNIT ( * ) SI_UNIT ( .MILLI., .METRE. ) );
#1117 = VERTEX_POINT ( 'NONE', #633 ) ;
#1118 = CARTESIAN_POINT ( 'NONE',  ( -2.515094501859786114, 2.731030663926139468, 0.06693741710703753067 ) ) ;
#1119 = SURFACE_STYLE_USAGE ( .BOTH. , #214 ) ;
#1120 = UNCERTAINTY_MEASURE_WITH_UNIT (LENGTH_MEASURE( 1.000000000000000082E-05 ), #1054, 'distance_accuracy_value', 'NONE');
#1121 = AXIS2_PLACEMENT_3D ( 'NONE', #204, #413, #1695 ) ;
#1122 = CARTESIAN_POINT ( 'NONE',  ( -1.970803435900464695, 2.295620638476868258, 0.000000000000000000 ) ) ;
#1123 = PRODUCT_DEFINITION_SHAPE ( 'NONE', 'NONE',  #280 ) ;
#1124 = CIRCLE ( 'NONE', #2755, 0.09999999999999982514 ) ;
#1125 =( GEOMETRIC_REPRESENTATION_CONTEXT ( 3 ) GLOBAL_UNCERTAINTY_ASSIGNED_CONTEXT ( ( #1152 ) ) GLOBAL_UNIT_ASSIGNED_CONTEXT ( ( #2036, #54, #479 ) ) REPRESENTATION_CONTEXT ( 'NONE', 'WORKASPACE' ) );
#1126 = CARTESIAN_POINT ( 'NONE',  ( -2.145000000000000018, -2.090000000000000302, -0.09999999999999999167 ) ) ;
#1127 = ORIENTED_EDGE ( 'NONE', *, *, #2346, .F. ) ;
#1128 =( GEOMETRIC_REPRESENTATION_CONTEXT ( 3 ) GLOBAL_UNCERTAINTY_ASSIGNED_CONTEXT ( ( #235 ) ) GLOBAL_UNIT_ASSIGNED_CONTEXT ( ( #790, #1913, #315 ) ) REPRESENTATION_CONTEXT ( 'NONE', 'WORKASPACE' ) );
#1129 = CARTESIAN_POINT ( 'NONE',  ( -2.597735026918963186, -2.721304907451682631, 0.06583485361375895906 ) ) ;
#1130 = EDGE_CURVE ( 'NONE', #2359, #799, #1705, .T. ) ;
#1131 =( NAMED_UNIT ( * ) SI_UNIT ( $, .STERADIAN. ) SOLID_ANGLE_UNIT ( ) );
#1132 = CIRCLE ( 'NONE', #559, 0.1000000000000000056 ) ;
#1133 = CIRCLE ( 'NONE', #2142, 0.1000000000000000333 ) ;
#1134 = COLOUR_RGB ( '',0.2862745098039215508, 0.2862745098039215508, 0.2862745098039215508 ) ;
#1135 =( LENGTH_UNIT ( ) NAMED_UNIT ( * ) SI_UNIT ( .MILLI., .METRE. ) );
#1136 = VERTEX_POINT ( 'NONE', #587 ) ;
#1137 = CARTESIAN_POINT ( 'NONE',  ( -2.597735026918961854, -2.697735026918962831, 0.04226497308103729228 ) ) ;
#1138 = AXIS2_PLACEMENT_3D ( 'NONE', #314, #1239, #2121 ) ;
#1139 = CARTESIAN_POINT ( 'NONE',  ( -2.640000000000000124, -2.740000000000000213, 0.000000000000000000 ) ) ;
#1140 = AXIS2_PLACEMENT_3D ( 'NONE', #2384, #1707, #390 ) ;
#1141 = FILL_AREA_STYLE_COLOUR ( '', #1178 ) ;
#1142 = VECTOR ( 'NONE', #2281, 1000.000000000000000 ) ;
#1143 = CARTESIAN_POINT ( 'NONE',  ( 2.546948992645575061, -2.752167334400296372, 0.04591124628898358290 ) ) ;
#1144 = ORIENTED_EDGE ( 'NONE', *, *, #2241, .F. ) ;
#1145 = SURFACE_STYLE_FILL_AREA ( #435 ) ;
#1146 = DIRECTION ( 'NONE',  ( 0.000000000000000000, 0.000000000000000000, -1.000000000000000000 ) ) ;
#1147 = FACE_OUTER_BOUND ( 'NONE', #350, .T. ) ;
#1148 = CARTESIAN_POINT ( 'NONE',  ( -2.540000000000000036, 2.640000000000000124, 4.900000000000000355 ) ) ;
#1149 = CARTESIAN_POINT ( 'NONE',  ( -2.706934131648607078, -2.664094889548317191, 0.1918412725180366485 ) ) ;
#1150 = FACE_OUTER_BOUND ( 'NONE', #1192, .T. ) ;
#1151 = DIRECTION ( 'NONE',  ( -0.5773502691896287287, -0.5773502691896242878, 0.5773502691896242878 ) ) ;
#1152 = UNCERTAINTY_MEASURE_WITH_UNIT (LENGTH_MEASURE( 1.000000000000000082E-05 ), #2036, 'distance_accuracy_value', 'NONE');
#1153 = CARTESIAN_POINT ( 'NONE',  ( -1.970803435900464695, -2.295620638476868258, 0.000000000000000000 ) ) ;
#1154 = FILL_AREA_STYLE ('',( #1611 ) ) ;
#1155 = DIRECTION ( 'NONE',  ( 1.000000000000000000, 1.321694076934709909E-16, 0.000000000000000000 ) ) ;
#1156 = VERTEX_POINT ( 'NONE', #1965 ) ;
#1157 = LINE ( 'NONE', #519, #2248 ) ;
#1158 = CARTESIAN_POINT ( 'NONE',  ( -1.970803435900464695, -2.295620638476868258, 0.002000000000000000909 ) ) ;
#1159 = SURFACE_STYLE_USAGE ( .BOTH. , #8 ) ;
#1160 = ORIENTED_EDGE ( 'NONE', *, *, #1632, .F. ) ;
#1161 = ORIENTED_EDGE ( 'NONE', *, *, #2122, .F. ) ;
#1162 = FILL_AREA_STYLE ('',( #2014 ) ) ;
#1163 = CARTESIAN_POINT ( 'NONE',  ( -1.159142135623731473, -2.095857864376268864, -0.09999999999999972800 ) ) ;
#1164 = EDGE_CURVE ( 'NONE', #386, #1610, #327, .T. ) ;
#1165 = PLANE ( 'NONE',  #1733 ) ;
#1166 = EDGE_CURVE ( 'NONE', #1799, #2431, #1617, .T. ) ;
#1167 = LINE ( 'NONE', #820, #2196 ) ;
#1168 = ORIENTED_EDGE ( 'NONE', *, *, #1865, .T. ) ;
#1169 =( NAMED_UNIT ( * ) SI_UNIT ( $, .STERADIAN. ) SOLID_ANGLE_UNIT ( ) );
#1170 = AXIS2_PLACEMENT_3D ( 'NONE', #1587, #2204, #1745 ) ;
#1171 = FILL_AREA_STYLE ('',( #966 ) ) ;
#1172 = MECHANICAL_DESIGN_GEOMETRIC_PRESENTATION_REPRESENTATION (  '', ( #1304 ), #1991 ) ;
#1173 = STYLED_ITEM ( 'NONE', ( #1379 ), #1384 ) ;
#1174 = COLOUR_RGB ( '',0.2862745098039215508, 0.2862745098039215508, 0.2862745098039215508 ) ;
#1175 = FILL_AREA_STYLE ('',( #1641 ) ) ;
#1176 = CARTESIAN_POINT ( 'NONE',  ( -2.540000000000000480, 2.640000000000000124, 0.1000000000000000056 ) ) ;
#1177 = STYLED_ITEM ( 'NONE', ( #1084 ), #2634 ) ;
#1178 = COLOUR_RGB ( '',0.2862745098039215508, 0.2862745098039215508, 0.2862745098039215508 ) ;
#1179 = CARTESIAN_POINT ( 'NONE',  ( -2.631030663926139823, 2.615094501859784426, 0.06693741710703846048 ) ) ;
#1180 = MECHANICAL_DESIGN_GEOMETRIC_PRESENTATION_REPRESENTATION (  '', ( #2711 ), #1908 ) ;
#1181 = SURFACE_SIDE_STYLE ('',( #940 ) ) ;
#1182 = CARTESIAN_POINT ( 'NONE',  ( -2.540000000000000036, -2.640000000000000124, 0.1000000000000000056 ) ) ;
#1183 = UNCERTAINTY_MEASURE_WITH_UNIT (LENGTH_MEASURE( 1.000000000000000082E-05 ), #1255, 'distance_accuracy_value', 'NONE');
#1184 = PLANE ( 'NONE',  #656 ) ;
#1185 = EDGE_CURVE ( 'NONE', #2231, #586, #1063, .T. ) ;
#1186 = PRESENTATION_LAYER_ASSIGNMENT (  '', '', ( #2106 ) ) ;
#1187 = CARTESIAN_POINT ( 'NONE',  ( -2.154999999999999805, -2.100000000000000089, 0.000000000000000000 ) ) ;
#1188 = ORIENTED_EDGE ( 'NONE', *, *, #510, .F. ) ;
#1189 =( NAMED_UNIT ( * ) SI_UNIT ( $, .STERADIAN. ) SOLID_ANGLE_UNIT ( ) );
#1190 = EDGE_CURVE ( 'NONE', #929, #1136, #2095, .T. ) ;
#1191 = CYLINDRICAL_SURFACE ( 'NONE', #2854, 0.1000000000000000056 ) ;
#1192 = EDGE_LOOP ( 'NONE', ( #764, #346, #1736, #2108 ) ) ;
#1193 = SURFACE_STYLE_FILL_AREA ( #294 ) ;
#1194 = DIRECTION ( 'NONE',  ( -1.000000000000000000, -0.000000000000000000, 0.000000000000000000 ) ) ;
#1195 = ORIENTED_EDGE ( 'NONE', *, *, #740, .F. ) ;
#1196 = CARTESIAN_POINT ( 'NONE',  ( 2.597735026918963186, -2.697735026918960166, 4.957735026918966170 ) ) ;
#1197 = SURFACE_STYLE_USAGE ( .BOTH. , #2299 ) ;
#1198 = DIRECTION ( 'NONE',  ( 1.000000000000000000, 0.000000000000000000, 0.000000000000000000 ) ) ;
#1199 = DIRECTION ( 'NONE',  ( 0.000000000000000000, -0.000000000000000000, -1.000000000000000000 ) ) ;
#1200 = ORIENTED_EDGE ( 'NONE', *, *, #2455, .T. ) ;
#1201 = CARTESIAN_POINT ( 'NONE',  ( 2.540000000000000036, -2.639999999999999680, 0.1000000000000000056 ) ) ;
#1202 = DIRECTION ( 'NONE',  ( 0.000000000000000000, 0.000000000000000000, 1.000000000000000000 ) ) ;
#1203 = EDGE_CURVE ( 'NONE', #56, #324, #621, .T. ) ;
#1204 = CARTESIAN_POINT ( 'NONE',  ( 2.448158727481963837, -2.806934131648605835, 4.924094889548318754 ) ) ;
#1205 = CARTESIAN_POINT ( 'NONE',  ( -2.633309800894468200, 2.644368729000465379, 0.05116073505253405235 ) ) ;
#1206 = ORIENTED_EDGE ( 'NONE', *, *, #1608, .F. ) ;
#1207 = CARTESIAN_POINT ( 'NONE',  ( 2.544368729000466178, 2.688839264947466390, 4.993309800894467188 ) ) ;
#1208 = ORIENTED_EDGE ( 'NONE', *, *, #1536, .F. ) ;
#1209 = CARTESIAN_POINT ( 'NONE',  ( 2.629442719099992498, 2.684721359549995690, 4.900000000000000355 ) ) ;
#1210 = UNCERTAINTY_MEASURE_WITH_UNIT (LENGTH_MEASURE( 1.000000000000000082E-05 ), #1464, 'distance_accuracy_value', 'NONE');
#1211 = FILL_AREA_STYLE ('',( #546 ) ) ;
#1212 =( NAMED_UNIT ( * ) SI_UNIT ( $, .STERADIAN. ) SOLID_ANGLE_UNIT ( ) );
#1213 = ORIENTED_EDGE ( 'NONE', *, *, #1130, .T. ) ;
#1214 = VECTOR ( 'NONE', #404, 1000.000000000000000 ) ;
#1215 = AXIS2_PLACEMENT_3D ( 'NONE', #1182, #678, #440 ) ;
#1216 = PRESENTATION_LAYER_ASSIGNMENT (  '', '', ( #1805 ) ) ;
#1217 = SURFACE_SIDE_STYLE ('',( #1015 ) ) ;
#1218 = AXIS2_PLACEMENT_3D ( 'NONE', #2768, #1609, #2750 ) ;
#1219 = EDGE_CURVE ( 'NONE', #938, #1073, #857, .T. ) ;
#1220 = ORIENTED_EDGE ( 'NONE', *, *, #2334, .F. ) ;
#1221 = MECHANICAL_DESIGN_GEOMETRIC_PRESENTATION_REPRESENTATION (  '', ( #233 ), #989 ) ;
#1222 = FILL_AREA_STYLE_COLOUR ( '', #800 ) ;
#1223 =( NAMED_UNIT ( * ) PLANE_ANGLE_UNIT ( ) SI_UNIT ( $, .RADIAN. ) );
#1224 = STYLED_ITEM ( 'NONE', ( #580 ), #2890 ) ;
#1225 = SURFACE_STYLE_USAGE ( .BOTH. , #2544 ) ;
#1226 = CARTESIAN_POINT ( 'NONE',  ( 2.540000000000000036, 2.740000000000000213, 0.1000000000000000056 ) ) ;
#1227 =( GEOMETRIC_REPRESENTATION_CONTEXT ( 3 ) GLOBAL_UNCERTAINTY_ASSIGNED_CONTEXT ( ( #973 ) ) GLOBAL_UNIT_ASSIGNED_CONTEXT ( ( #2396, #1489, #191 ) ) REPRESENTATION_CONTEXT ( 'NONE', 'WORKASPACE' ) );
#1228 = ORIENTED_EDGE ( 'NONE', *, *, #2588, .F. ) ;
#1229 = CARTESIAN_POINT ( 'NONE',  ( 2.640000000000000124, -2.640000000000000124, 0.1000000000000000056 ) ) ;
#1230 = CIRCLE ( 'NONE', #1918, 0.09999999999999989453 ) ;
#1231 = PRESENTATION_STYLE_ASSIGNMENT (( #2314 ) ) ;
#1232 = CARTESIAN_POINT ( 'NONE',  ( 2.540000000000000036, -2.684721359549994801, 4.989442719099992374 ) ) ;
#1233 = CARTESIAN_POINT ( 'NONE',  ( 2.640000000000000124, 2.740000000000000213, 4.900000000000000355 ) ) ;
#1234 = ORIENTED_EDGE ( 'NONE', *, *, #864, .F. ) ;
#1235 =( NAMED_UNIT ( * ) PLANE_ANGLE_UNIT ( ) SI_UNIT ( $, .RADIAN. ) );
#1236 = ORIENTED_EDGE ( 'NONE', *, *, #736, .T. ) ;
#1237 = EDGE_CURVE ( 'NONE', #2445, #56, #450, .T. ) ;
#1238 = FACE_OUTER_BOUND ( 'NONE', #1795, .T. ) ;
#1239 = DIRECTION ( 'NONE',  ( 0.000000000000000000, 0.000000000000000000, 1.000000000000000000 ) ) ;
#1240 = SURFACE_STYLE_USAGE ( .BOTH. , #2785 ) ;
#1241 = VERTEX_POINT ( 'NONE', #675 ) ;
#1242 = CARTESIAN_POINT ( 'NONE',  ( -2.448158727481965613, -2.806934131648605835, 4.924094889548318754 ) ) ;
#1243 = CARTESIAN_POINT ( 'NONE',  ( -2.573062582892961636, 2.731030663926139468, 4.875094501859785545 ) ) ;
#1244 = DIRECTION ( 'NONE',  ( 1.000000000000000000, 0.000000000000000000, -0.000000000000000000 ) ) ;
#1245 = ORIENTED_EDGE ( 'NONE', *, *, #2226, .T. ) ;
#1246 = CARTESIAN_POINT ( 'NONE',  ( 2.633309800894467756, 2.688839264947466834, 4.904368729000466942 ) ) ;
#1247 = ORIENTED_EDGE ( 'NONE', *, *, #2363, .T. ) ;
#1248 = CARTESIAN_POINT ( 'NONE',  ( -2.597735026918963630, -2.697735026918962831, 4.957735026918962618 ) ) ;
#1249 = SURFACE_SIDE_STYLE ('',( #1420 ) ) ;
#1250 = ADVANCED_FACE ( 'NONE', ( #1549 ), #2687, .T. ) ;
#1251 = CARTESIAN_POINT ( 'NONE',  ( -1.155000000000000027, -1.598280802577860042E-15, 0.000000000000000000 ) ) ;
#1252 = DIRECTION ( 'NONE',  ( 1.000000000000000000, 0.000000000000000000, 0.000000000000000000 ) ) ;
#1253 = VERTEX_POINT ( 'NONE', #2059 ) ;
#1254 =( NAMED_UNIT ( * ) PLANE_ANGLE_UNIT ( ) SI_UNIT ( $, .RADIAN. ) );
#1255 =( LENGTH_UNIT ( ) NAMED_UNIT ( * ) SI_UNIT ( .MILLI., .METRE. ) );
#1256 = ADVANCED_FACE ( 'NONE', ( #1368 ), #735, .T. ) ;
#1257 = FACE_OUTER_BOUND ( 'NONE', #777, .T. ) ;
#1258 = UNCERTAINTY_MEASURE_WITH_UNIT (LENGTH_MEASURE( 1.000000000000000082E-05 ), #745, 'distance_accuracy_value', 'NONE');
#1259 = DIRECTION ( 'NONE',  ( 0.5773502691896242878, -0.5773502691896199579, 0.5773502691896329475 ) ) ;
#1260 = CARTESIAN_POINT ( 'NONE',  ( 1.655000000000000027, -1.598280802577860042E-15, 0.000000000000000000 ) ) ;
#1261 =( NAMED_UNIT ( * ) SI_UNIT ( $, .STERADIAN. ) SOLID_ANGLE_UNIT ( ) );
#1262 = FACE_OUTER_BOUND ( 'NONE', #2782, .T. ) ;
#1263 = ORIENTED_EDGE ( 'NONE', *, *, #1203, .T. ) ;
#1264 = CIRCLE ( 'NONE', #1433, 0.1000000000000000056 ) ;
#1265 = CARTESIAN_POINT ( 'NONE',  ( -2.573062582892962080, 2.731030663926140356, 4.875094501859785545 ) ) ;
#1266 = COLOUR_RGB ( '',0.8313725490196077761, 0.8313725490196077761, 0.8313725490196077761 ) ;
#1267 = PRESENTATION_LAYER_ASSIGNMENT (  '', '', ( #1620 ) ) ;
#1268 = DIRECTION ( 'NONE',  ( 0.000000000000000000, -1.000000000000000000, -0.000000000000000000 ) ) ;
#1269 = DIRECTION ( 'NONE',  ( -1.000000000000000000, 1.321694076934709909E-16, 0.000000000000000000 ) ) ;
#1270 = PRESENTATION_STYLE_ASSIGNMENT (( #1225 ) ) ;
#1271 = CARTESIAN_POINT ( 'NONE',  ( -2.540000000000000036, -2.684721359549995245, 4.989442719099993262 ) ) ;
#1272 = MECHANICAL_DESIGN_GEOMETRIC_PRESENTATION_REPRESENTATION (  '', ( #419 ), #2707 ) ;
#1273 = VECTOR ( 'NONE', #1383, 1000.000000000000000 ) ;
#1274 = ORIENTED_EDGE ( 'NONE', *, *, #1006, .T. ) ;
#1275 = EDGE_CURVE ( 'NONE', #2340, #2766, #775, .T. ) ;
#1276 =( NAMED_UNIT ( * ) SI_UNIT ( $, .STERADIAN. ) SOLID_ANGLE_UNIT ( ) );
#1277 = PRESENTATION_STYLE_ASSIGNMENT (( #2367 ) ) ;
#1278 = MECHANICAL_DESIGN_GEOMETRIC_PRESENTATION_REPRESENTATION (  '', ( #1768 ), #2383 ) ;
#1279 = LINE ( 'NONE', #2351, #648 ) ;
#1280 = COLOUR_RGB ( '',0.2862745098039215508, 0.2862745098039215508, 0.2862745098039215508 ) ;
#1281 = SURFACE_STYLE_FILL_AREA ( #1478 ) ;
#1282 =( LENGTH_UNIT ( ) NAMED_UNIT ( * ) SI_UNIT ( .MILLI., .METRE. ) );
#1283 = CARTESIAN_POINT ( 'NONE',  ( -2.155000000000000249, -2.100000000000000089, -0.08999999999999999667 ) ) ;
#1284 = CARTESIAN_POINT ( 'NONE',  ( -2.155000000000000249, -2.100000000000000089, -0.09585786437626901690 ) ) ;
#1285 = ORIENTED_EDGE ( 'NONE', *, *, #1742, .F. ) ;
#1286 = DIRECTION ( 'NONE',  ( -0.000000000000000000, -0.000000000000000000, -1.000000000000000000 ) ) ;
#1287 = PLANE ( 'NONE',  #2846 ) ;
#1288 = CARTESIAN_POINT ( 'NONE',  ( 2.540000000000000036, -2.640000000000000124, 4.900000000000000355 ) ) ;
#1289 = DIRECTION ( 'NONE',  ( 0.000000000000000000, -1.000000000000000000, 0.000000000000000000 ) ) ;
#1290 =( NAMED_UNIT ( * ) PLANE_ANGLE_UNIT ( ) SI_UNIT ( $, .RADIAN. ) );
#1291 = UNCERTAINTY_MEASURE_WITH_UNIT (LENGTH_MEASURE( 1.000000000000000082E-05 ), #489, 'distance_accuracy_value', 'NONE');
#1292 = ADVANCED_FACE ( 'NONE', ( #2330 ), #1033, .T. ) ;
#1293 = ORIENTED_EDGE ( 'NONE', *, *, #27, .T. ) ;
#1294 = SURFACE_STYLE_USAGE ( .BOTH. , #203 ) ;
#1295 = FILL_AREA_STYLE_COLOUR ( '', #1491 ) ;
#1296 = CARTESIAN_POINT ( 'NONE',  ( 2.597735026918962742, -2.697735026918962387, 0.04226497308103718126 ) ) ;
#1297 = DIRECTION ( 'NONE',  ( 0.8164965809277304754, 0.4082482904638585763, 0.4082482904638587984 ) ) ;
#1298 = SURFACE_STYLE_USAGE ( .BOTH. , #406 ) ;
#1299 =( LENGTH_UNIT ( ) NAMED_UNIT ( * ) SI_UNIT ( .MILLI., .METRE. ) );
#1300 = EDGE_LOOP ( 'NONE', ( #922, #2527, #838, #1744 ) ) ;
#1301 = MECHANICAL_DESIGN_GEOMETRIC_PRESENTATION_REPRESENTATION (  '', ( #1561 ), #798 ) ;
#1302 = ADVANCED_FACE ( 'NONE', ( #2291 ), #539, .T. ) ;
#1303 = SURFACE_STYLE_USAGE ( .BOTH. , #622 ) ;
#1304 = STYLED_ITEM ( 'NONE', ( #2344 ), #2211 ) ;
#1305 = COLOUR_RGB ( '',0.2862745098039215508, 0.2862745098039215508, 0.2862745098039215508 ) ;
#1306 = APPLICATION_PROTOCOL_DEFINITION ( 'draft international standard', 'automotive_design', 1998, #1664 ) ;
#1307 = FILL_AREA_STYLE ('',( #1295 ) ) ;
#1308 = PRESENTATION_LAYER_ASSIGNMENT (  '', '', ( #893 ) ) ;
#1309 = PRODUCT_DEFINITION_FORMATION_WITH_SPECIFIED_SOURCE ( 'ANY', '', #2712, .NOT_KNOWN. ) ;
#1310 =( NAMED_UNIT ( * ) PLANE_ANGLE_UNIT ( ) SI_UNIT ( $, .RADIAN. ) );
#1311 = AXIS2_PLACEMENT_3D ( 'NONE', #1288, #412, #2194 ) ;
#1312 = DIRECTION ( 'NONE',  ( -0.5773502691896331696, 0.5773502691896200689, -0.5773502691896241767 ) ) ;
#1313 = MECHANICAL_DESIGN_GEOMETRIC_PRESENTATION_REPRESENTATION (  '', ( #385 ), #716 ) ;
#1314 = CARTESIAN_POINT ( 'NONE',  ( 2.546948992645574172, -2.752167334400296816, 4.954088753711018533 ) ) ;
#1315 = CIRCLE ( 'NONE', #2668, 0.09999999999999982514 ) ;
#1316 = CARTESIAN_POINT ( 'NONE',  ( -2.486138961347433618, 2.784659952694485519, 4.955718880800481507 ) ) ;
#1317 = FACE_OUTER_BOUND ( 'NONE', #1660, .T. ) ;
#1318 = LINE ( 'NONE', #1108, #2813 ) ;
#1319 =( NAMED_UNIT ( * ) SI_UNIT ( $, .STERADIAN. ) SOLID_ANGLE_UNIT ( ) );
#1320 = EDGE_CURVE ( 'NONE', #2087, #400, #2236, .T. ) ;
#1321 = ORIENTED_EDGE ( 'NONE', *, *, #2066, .F. ) ;
#1322 = CARTESIAN_POINT ( 'NONE',  ( -2.597735026918962298, -2.697735026918961942, 0.04226497308103824291 ) ) ;
#1323 =( BOUNDED_CURVE ( )  B_SPLINE_CURVE ( 3, ( #2259, #262, #1163, #2726 ),
 .UNSPECIFIED., .F., .T. ) 
 B_SPLINE_CURVE_WITH_KNOTS ( ( 4, 4 ),
 ( 0.000000000000000000, 1.570796326794853259 ),
 .UNSPECIFIED. ) 
 CURVE ( )  GEOMETRIC_REPRESENTATION_ITEM ( )  RATIONAL_B_SPLINE_CURVE ( ( 1.000000000000000000, 0.8047378541243751515, 0.8047378541243751515, 1.000000000000000000 ) ) 
 REPRESENTATION_ITEM ( '' )  );
#1324 = SURFACE_STYLE_FILL_AREA ( #2228 ) ;
#1325 = ORIENTED_EDGE ( 'NONE', *, *, #2046, .T. ) ;
#1326 = DIRECTION ( 'NONE',  ( 0.000000000000000000, 0.000000000000000000, -1.000000000000000000 ) ) ;
#1327 = CARTESIAN_POINT ( 'NONE',  ( -2.597735026918964074, 2.697735026918963275, 0.04226497308103880496 ) ) ;
#1328 = FILL_AREA_STYLE ('',( #871 ) ) ;
#1329 = FILL_AREA_STYLE ('',( #2439 ) ) ;
#1330 = SHAPE_DEFINITION_REPRESENTATION ( #256, #566 ) ;
#1331 = CARTESIAN_POINT ( 'NONE',  ( 2.588839264947467633, 2.733309800894467401, 0.09563127099953455668 ) ) ;
#1332 = CARTESIAN_POINT ( 'NONE',  ( 2.574165146386242053, -2.697735026918962387, 0.01869509254831666287 ) ) ;
#1333 = ORIENTED_EDGE ( 'NONE', *, *, #320, .T. ) ;
#1334 = DIRECTION ( 'NONE',  ( 0.5773502691896287287, 0.5773502691896242878, 0.5773502691896242878 ) ) ;
#1335 =( LENGTH_UNIT ( ) NAMED_UNIT ( * ) SI_UNIT ( .MILLI., .METRE. ) );
#1336 =( NAMED_UNIT ( * ) PLANE_ANGLE_UNIT ( ) SI_UNIT ( $, .RADIAN. ) );
#1337 =( NAMED_UNIT ( * ) SI_UNIT ( $, .STERADIAN. ) SOLID_ANGLE_UNIT ( ) );
#1338 = EDGE_LOOP ( 'NONE', ( #1228, #1367, #2011, #2295 ) ) ;
#1339 = PRESENTATION_STYLE_ASSIGNMENT (( #939 ) ) ;
#1340 = CARTESIAN_POINT ( 'NONE',  ( -2.597735026918963630, 2.697735026918961942, 0.04226497308103758371 ) ) ;
#1341 = UNCERTAINTY_MEASURE_WITH_UNIT (LENGTH_MEASURE( 1.000000000000000082E-05 ), #1079, 'distance_accuracy_value', 'NONE');
#1342 =( GEOMETRIC_REPRESENTATION_CONTEXT ( 3 ) GLOBAL_UNCERTAINTY_ASSIGNED_CONTEXT ( ( #493 ) ) GLOBAL_UNIT_ASSIGNED_CONTEXT ( ( #2172, #591, #845 ) ) REPRESENTATION_CONTEXT ( 'NONE', 'WORKASPACE' ) );
#1343 = STYLED_ITEM ( 'NONE', ( #2829 ), #2069 ) ;
#1344 = STYLED_ITEM ( 'NONE', ( #465 ), #1256 ) ;
#1345 = CARTESIAN_POINT ( 'NONE',  ( 2.631030663926139823, -2.673062582892962613, 0.1249054981402142467 ) ) ;
#1346 = VERTEX_POINT ( 'NONE', #246 ) ;
#1347 = VECTOR ( 'NONE', #1194, 1000.000000000000000 ) ;
#1348 = PRESENTATION_LAYER_ASSIGNMENT (  '', '', ( #804 ) ) ;
#1349 = CLOSED_SHELL ( 'NONE', ( #2857, #2211, #2625, #2718, #2608, #341, #699, #694, #1473, #353 ) ) ;
#1350 = CARTESIAN_POINT ( 'NONE',  ( -2.543302719437627424, -2.701381300126910912, -0.008521061192350506963 ) ) ;
#1351 = EDGE_CURVE ( 'NONE', #1646, #2130, #2708, .T. ) ;
#1352 = AXIS2_PLACEMENT_3D ( 'NONE', #1504, #1297, #865 ) ;
#1353 = ORIENTED_EDGE ( 'NONE', *, *, #192, .F. ) ;
#1354 = CARTESIAN_POINT ( 'NONE',  ( -2.652167334400297616, -2.694088753711016526, 0.09305100735442563276 ) ) ;
#1355 = MECHANICAL_DESIGN_GEOMETRIC_PRESENTATION_REPRESENTATION (  '', ( #2000 ), #2535 ) ;
#1356 = CARTESIAN_POINT ( 'NONE',  ( -2.128805807962083740, 2.295620638476868258, 0.002000000000000000909 ) ) ;
#1357 = CARTESIAN_POINT ( 'NONE',  ( -2.540000000000000036, -2.640000000000000124, 4.900000000000000355 ) ) ;
#1358 = DIRECTION ( 'NONE',  ( 0.000000000000000000, 0.000000000000000000, 1.000000000000000000 ) ) ;
#1359 = VERTEX_POINT ( 'NONE', #2702 ) ;
#1360 = SURFACE_STYLE_FILL_AREA ( #2529 ) ;
#1361 =( BOUNDED_CURVE ( )  B_SPLINE_CURVE ( 3, ( #2471, #695, #470, #299 ),
 .UNSPECIFIED., .F., .T. ) 
 B_SPLINE_CURVE_WITH_KNOTS ( ( 4, 4 ),
 ( 1.570796326794875020, 3.141592653589793116 ),
 .UNSPECIFIED. ) 
 CURVE ( )  GEOMETRIC_REPRESENTATION_ITEM ( )  RATIONAL_B_SPLINE_CURVE ( ( 1.000000000000000000, 0.8047378541243599415, 0.8047378541243599415, 1.000000000000000000 ) ) 
 REPRESENTATION_ITEM ( '' )  );
#1362 = CARTESIAN_POINT ( 'NONE',  ( 1.154999999999998916, 2.100000000000000089, -0.08999999999999999667 ) ) ;
#1363 = DIRECTION ( 'NONE',  ( 0.000000000000000000, 0.000000000000000000, -1.000000000000000000 ) ) ;
#1364 = EDGE_CURVE ( 'NONE', #400, #1156, #2469, .T. ) ;
#1365 = ORIENTED_EDGE ( 'NONE', *, *, #1164, .T. ) ;
#1366 = CARTESIAN_POINT ( 'NONE',  ( -2.573062582892961636, -2.615094501859785758, 0.008969336073859877911 ) ) ;
#1367 = ORIENTED_EDGE ( 'NONE', *, *, #2826, .F. ) ;
#1368 = FACE_OUTER_BOUND ( 'NONE', #330, .T. ) ;
#1369 = DIRECTION ( 'NONE',  ( 1.000000000000000000, 1.301042606982607530E-14, 0.000000000000000000 ) ) ;
#1370 = CARTESIAN_POINT ( 'NONE',  ( 2.584721359549995601, 2.639999999999999680, 0.01055728090000836693 ) ) ;
#1371 = DIRECTION ( 'NONE',  ( 0.000000000000000000, 0.000000000000000000, 1.000000000000000000 ) ) ;
#1372 = UNCERTAINTY_MEASURE_WITH_UNIT (LENGTH_MEASURE( 1.000000000000000082E-05 ), #2302, 'distance_accuracy_value', 'NONE');
#1373 = LINE ( 'NONE', #1807, #193 ) ;
#1374 = ORIENTED_EDGE ( 'NONE', *, *, #107, .T. ) ;
#1375 =( LENGTH_UNIT ( ) NAMED_UNIT ( * ) SI_UNIT ( .MILLI., .METRE. ) );
#1376 = SURFACE_STYLE_USAGE ( .BOTH. , #768 ) ;
#1377 = SURFACE_STYLE_FILL_AREA ( #2699 ) ;
#1378 =( NAMED_UNIT ( * ) SI_UNIT ( $, .STERADIAN. ) SOLID_ANGLE_UNIT ( ) );
#1379 = PRESENTATION_STYLE_ASSIGNMENT (( #1653 ) ) ;
#1380 = SURFACE_STYLE_FILL_AREA ( #1000 ) ;
#1381 = ORIENTED_EDGE ( 'NONE', *, *, #721, .F. ) ;
#1382 = EDGE_CURVE ( 'NONE', #2407, #400, #2656, .T. ) ;
#1383 = DIRECTION ( 'NONE',  ( 2.312964634635739999E-16, -1.000000000000000000, 0.000000000000000000 ) ) ;
#1384 = ADVANCED_FACE ( 'NONE', ( #2304 ), #1593, .T. ) ;
#1385 = CARTESIAN_POINT ( 'NONE',  ( -2.128805807962083740, 0.000000000000000000, 0.000000000000000000 ) ) ;
#1386 = FILL_AREA_STYLE ('',( #2312 ) ) ;
#1387 = VECTOR ( 'NONE', #2251, 1000.000000000000000 ) ;
#1388 = ORIENTED_EDGE ( 'NONE', *, *, #679, .T. ) ;
#1389 = DIRECTION ( 'NONE',  ( 0.000000000000000000, 0.000000000000000000, 1.000000000000000000 ) ) ;
#1390 = CIRCLE ( 'NONE', #1616, 0.09999999999999982514 ) ;
#1391 = PRESENTATION_LAYER_ASSIGNMENT (  '', '', ( #2847 ) ) ;
#1392 = COLOUR_RGB ( '',0.2862745098039215508, 0.2862745098039215508, 0.2862745098039215508 ) ;
#1393 =( GEOMETRIC_REPRESENTATION_CONTEXT ( 3 ) GLOBAL_UNCERTAINTY_ASSIGNED_CONTEXT ( ( #1599 ) ) GLOBAL_UNIT_ASSIGNED_CONTEXT ( ( #795, #614, #1701 ) ) REPRESENTATION_CONTEXT ( 'NONE', 'WORKASPACE' ) );
#1394 = SURFACE_STYLE_FILL_AREA ( #2834 ) ;
#1395 =( GEOMETRIC_REPRESENTATION_CONTEXT ( 3 ) GLOBAL_UNCERTAINTY_ASSIGNED_CONTEXT ( ( #1183 ) ) GLOBAL_UNIT_ASSIGNED_CONTEXT ( ( #1255, #2822, #1896 ) ) REPRESENTATION_CONTEXT ( 'NONE', 'WORKASPACE' ) );
#1396 = STYLED_ITEM ( 'NONE', ( #297 ), #1814 ) ;
#1397 = CARTESIAN_POINT ( 'NONE',  ( -2.544368729000466178, 2.733309800894466512, 0.05116073505253291437 ) ) ;
#1398 = STYLED_ITEM ( 'NONE', ( #537 ), #120 ) ;
#1399 = CARTESIAN_POINT ( 'NONE',  ( 1.154999999999999805, 2.100000000000000089, 0.000000000000000000 ) ) ;
#1400 = CIRCLE ( 'NONE', #512, 0.1000000000000000333 ) ;
#1401 = EDGE_LOOP ( 'NONE', ( #1971, #2263, #1188, #2602 ) ) ;
#1402 = SURFACE_STYLE_FILL_AREA ( #988 ) ;
#1403 = STYLED_ITEM ( 'NONE', ( #964 ), #2857 ) ;
#1404 = UNCERTAINTY_MEASURE_WITH_UNIT (LENGTH_MEASURE( 1.000000000000000082E-05 ), #548, 'distance_accuracy_value', 'NONE');
#1405 = MECHANICAL_DESIGN_GEOMETRIC_PRESENTATION_REPRESENTATION (  '', ( #289 ), #516 ) ;
#1406 = FILL_AREA_STYLE ('',( #1840 ) ) ;
#1407 = ADVANCED_FACE ( 'NONE', ( #1011 ), #1043, .T. ) ;
#1408 = FILL_AREA_STYLE_COLOUR ( '', #420 ) ;
#1409 = COLOUR_RGB ( '',0.8313725490196077761, 0.8313725490196077761, 0.8313725490196077761 ) ;
#1410 = ORIENTED_EDGE ( 'NONE', *, *, #192, .T. ) ;
#1411 = AXIS2_PLACEMENT_3D ( 'NONE', #641, #448, #2446 ) ;
#1412 = SURFACE_SIDE_STYLE ('',( #65 ) ) ;
#1413 = DIRECTION ( 'NONE',  ( -1.000000000000000000, 0.000000000000000000, 0.000000000000000000 ) ) ;
#1414 = CARTESIAN_POINT ( 'NONE',  ( -2.601381300126909490, 2.748521061192350068, 0.09669728056237177072 ) ) ;
#1415 = ORIENTED_EDGE ( 'NONE', *, *, #396, .T. ) ;
#1416 = SURFACE_STYLE_FILL_AREA ( #2780 ) ;
#1417 = ORIENTED_EDGE ( 'NONE', *, *, #984, .F. ) ;
#1418 =( NAMED_UNIT ( * ) SI_UNIT ( $, .STERADIAN. ) SOLID_ANGLE_UNIT ( ) );
#1419 =( NAMED_UNIT ( * ) PLANE_ANGLE_UNIT ( ) SI_UNIT ( $, .RADIAN. ) );
#1420 = SURFACE_STYLE_FILL_AREA ( #2347 ) ;
#1421 =( NAMED_UNIT ( * ) PLANE_ANGLE_UNIT ( ) SI_UNIT ( $, .RADIAN. ) );
#1422 = LINE ( 'NONE', #2729, #2574 ) ;
#1423 = ORIENTED_EDGE ( 'NONE', *, *, #1164, .F. ) ;
#1424 = CARTESIAN_POINT ( 'NONE',  ( -2.540000000000000036, 3.869271693628569901E-16, 0.000000000000000000 ) ) ;
#1425 = ORIENTED_EDGE ( 'NONE', *, *, #2006, .F. ) ;
#1426 = FILL_AREA_STYLE_COLOUR ( '', #702 ) ;
#1427 = CARTESIAN_POINT ( 'NONE',  ( -2.448158727481963837, 2.664094889548318079, -0.06693413164860688436 ) ) ;
#1428 = ORIENTED_EDGE ( 'NONE', *, *, #1594, .T. ) ;
#1429 = CARTESIAN_POINT ( 'NONE',  ( -2.597735026918964074, -2.697735026918963275, 4.957735026918962618 ) ) ;
#1430 = ORIENTED_EDGE ( 'NONE', *, *, #2591, .F. ) ;
#1431 = CARTESIAN_POINT ( 'NONE',  ( -2.286808180023702786, 2.295620638476868258, 0.000000000000000000 ) ) ;
#1432 = PRESENTATION_LAYER_ASSIGNMENT (  '', '', ( #2368 ) ) ;
#1433 = AXIS2_PLACEMENT_3D ( 'NONE', #469, #1993, #681 ) ;
#1434 = CARTESIAN_POINT ( 'NONE',  ( -2.574165146386242053, 2.721304907451681743, 0.04226497308103738249 ) ) ;
#1435 = VECTOR ( 'NONE', #1467, 1000.000000000000000 ) ;
#1436 = ORIENTED_EDGE ( 'NONE', *, *, #965, .T. ) ;
#1437 = STYLED_ITEM ( 'NONE', ( #2382 ), #1112 ) ;
#1438 = DIRECTION ( 'NONE',  ( -0.000000000000000000, -0.000000000000000000, -1.000000000000000000 ) ) ;
#1439 = MECHANICAL_DESIGN_GEOMETRIC_PRESENTATION_REPRESENTATION (  '', ( #1177 ), #2010 ) ;
#1440 = AXIS2_PLACEMENT_3D ( 'NONE', #105, #1677, #909 ) ;
#1441 = ORIENTED_EDGE ( 'NONE', *, *, #2278, .T. ) ;
#1442 = VECTOR ( 'NONE', #302, 1000.000000000000000 ) ;
#1443 = PRESENTATION_STYLE_ASSIGNMENT (( #2553 ) ) ;
#1444 = CARTESIAN_POINT ( 'NONE',  ( -2.154999999999999805, -2.100000000000000089, 0.000000000000000000 ) ) ;
#1445 = FACE_OUTER_BOUND ( 'NONE', #2799, .T. ) ;
#1446 = AXIS2_PLACEMENT_3D ( 'NONE', #1747, #2661, #1510 ) ;
#1447 = VERTEX_POINT ( 'NONE', #336 ) ;
#1448 = CARTESIAN_POINT ( 'NONE',  ( -2.621304907451683874, -2.697735026918962831, 4.934165146386243705 ) ) ;
#1449 = MECHANICAL_DESIGN_GEOMETRIC_PRESENTATION_REPRESENTATION (  '', ( #340 ), #5 ) ;
#1450 = CARTESIAN_POINT ( 'NONE',  ( -2.597735026918962298, 2.697735026918963275, 4.957735026918963506 ) ) ;
#1451 = CARTESIAN_POINT ( 'NONE',  ( 2.640000000000000124, 2.640000000000000124, 0.000000000000000000 ) ) ;
#1452 = FILL_AREA_STYLE ('',( #615 ) ) ;
#1453 = VERTEX_POINT ( 'NONE', #2573 ) ;
#1454 = SURFACE_SIDE_STYLE ('',( #1416 ) ) ;
#1455 = EDGE_CURVE ( 'NONE', #747, #1453, #1026, .T. ) ;
#1456 =( LENGTH_UNIT ( ) NAMED_UNIT ( * ) SI_UNIT ( .MILLI., .METRE. ) );
#1457 = ORIENTED_EDGE ( 'NONE', *, *, #1924, .F. ) ;
#1458 = FILL_AREA_STYLE_COLOUR ( '', #948 ) ;
#1459 = FILL_AREA_STYLE_COLOUR ( '', #1813 ) ;
#1460 = ORIENTED_EDGE ( 'NONE', *, *, #1590, .T. ) ;
#1461 = DIRECTION ( 'NONE',  ( 0.000000000000000000, 0.000000000000000000, -1.000000000000000000 ) ) ;
#1462 = CARTESIAN_POINT ( 'NONE',  ( -2.691539568547500760, 2.681959649094450171, 4.853018577200451489 ) ) ;
#1463 = CARTESIAN_POINT ( 'NONE',  ( 2.594088753711016881, 2.752167334400299037, 4.906948992645575380 ) ) ;
#1464 =( LENGTH_UNIT ( ) NAMED_UNIT ( * ) SI_UNIT ( .MILLI., .METRE. ) );
#1465 = DIRECTION ( 'NONE',  ( 0.000000000000000000, 0.000000000000000000, 1.000000000000000000 ) ) ;
#1466 = EDGE_LOOP ( 'NONE', ( #2348, #2177, #82, #579 ) ) ;
#1467 = DIRECTION ( 'NONE',  ( -1.000000000000000000, -0.000000000000000000, 0.000000000000000000 ) ) ;
#1468 = ORIENTED_EDGE ( 'NONE', *, *, #2811, .T. ) ;
#1469 = DIRECTION ( 'NONE',  ( -0.4082482904638636279, 0.8164965809277276998, 0.4082482904638590204 ) ) ;
#1470 =( LENGTH_UNIT ( ) NAMED_UNIT ( * ) SI_UNIT ( .MILLI., .METRE. ) );
#1471 =( NAMED_UNIT ( * ) PLANE_ANGLE_UNIT ( ) SI_UNIT ( $, .RADIAN. ) );
#1472 = DIRECTION ( 'NONE',  ( -1.000000000000000000, -0.000000000000000000, -0.000000000000000000 ) ) ;
#1473 = ADVANCED_FACE ( 'NONE', ( #113 ), #2825, .T. ) ;
#1474 = ORIENTED_EDGE ( 'NONE', *, *, #79, .F. ) ;
#1475 = SURFACE_SIDE_STYLE ('',( #594 ) ) ;
#1476 = CARTESIAN_POINT ( 'NONE',  ( -2.706934131648606190, 2.548158727481964814, 4.924094889548321419 ) ) ;
#1477 = UNCERTAINTY_MEASURE_WITH_UNIT (LENGTH_MEASURE( 1.000000000000000082E-05 ), #513, 'distance_accuracy_value', 'NONE');
#1478 = FILL_AREA_STYLE ('',( #2162 ) ) ;
#1479 = DIRECTION ( 'NONE',  ( -0.8164965809277263675, 0.4082482904638631838, 0.4082482904638621846 ) ) ;
#1480 = PRESENTATION_LAYER_ASSIGNMENT (  '', '', ( #2887 ) ) ;
#1481 =( GEOMETRIC_REPRESENTATION_CONTEXT ( 3 ) GLOBAL_UNCERTAINTY_ASSIGNED_CONTEXT ( ( #2271 ) ) GLOBAL_UNIT_ASSIGNED_CONTEXT ( ( #575, #2770, #1418 ) ) REPRESENTATION_CONTEXT ( 'NONE', 'WORKASPACE' ) );
#1482 = ORIENTED_EDGE ( 'NONE', *, *, #2543, .F. ) ;
#1483 = PRESENTATION_LAYER_ASSIGNMENT (  '', '', ( #1343 ) ) ;
#1484 = VECTOR ( 'NONE', #2855, 1000.000000000000000 ) ;
#1485 = FILL_AREA_STYLE ('',( #1048 ) ) ;
#1486 = MECHANICAL_DESIGN_GEOMETRIC_PRESENTATION_REPRESENTATION (  '', ( #1521 ), #1571 ) ;
#1487 = AXIS2_PLACEMENT_3D ( 'NONE', #1789, #688, #2246 ) ;
#1488 = CLOSED_SHELL ( 'NONE', ( #1384, #1075, #1515, #1814, #1553, #2771, #2298, #142, #2890, #2495 ) ) ;
#1489 =( NAMED_UNIT ( * ) PLANE_ANGLE_UNIT ( ) SI_UNIT ( $, .RADIAN. ) );
#1490 = DIRECTION ( 'NONE',  ( 0.000000000000000000, -0.000000000000000000, 1.000000000000000000 ) ) ;
#1491 = COLOUR_RGB ( '',0.8313725490196077761, 0.8313725490196077761, 0.8313725490196077761 ) ;
#1492 = VERTEX_POINT ( 'NONE', #1226 ) ;
#1493 =( GEOMETRIC_REPRESENTATION_CONTEXT ( 3 ) GLOBAL_UNCERTAINTY_ASSIGNED_CONTEXT ( ( #2547 ) ) GLOBAL_UNIT_ASSIGNED_CONTEXT ( ( #112, #751, #2734 ) ) REPRESENTATION_CONTEXT ( 'NONE', 'WORKASPACE' ) );
#1494 = ADVANCED_FACE ( 'NONE', ( #301 ), #75, .T. ) ;
#1495 = FILL_AREA_STYLE ('',( #2597 ) ) ;
#1496 = MECHANICAL_DESIGN_GEOMETRIC_PRESENTATION_REPRESENTATION (  '', ( #2106 ), #2386 ) ;
#1497 = COLOUR_RGB ( '',0.2862745098039215508, 0.2862745098039215508, 0.2862745098039215508 ) ;
#1498 = AXIS2_PLACEMENT_3D ( 'NONE', #1201, #978, #2081 ) ;
#1499 = ORIENTED_EDGE ( 'NONE', *, *, #1729, .T. ) ;
#1500 = CARTESIAN_POINT ( 'NONE',  ( -2.588839264947466301, 2.733309800894470065, 4.904368729000467830 ) ) ;
#1501 = PRESENTATION_STYLE_ASSIGNMENT (( #624 ) ) ;
#1502 = DIRECTION ( 'NONE',  ( 0.000000000000000000, -0.000000000000000000, 1.000000000000000000 ) ) ;
#1503 = DIRECTION ( 'NONE',  ( -0.000000000000000000, -1.000000000000000000, -0.000000000000000000 ) ) ;
#1504 = CARTESIAN_POINT ( 'NONE',  ( -2.539999999999999591, 2.640000000000001013, 4.900000000000000355 ) ) ;
#1505 = ADVANCED_FACE ( 'NONE', ( #1445 ), #1881, .T. ) ;
#1506 = DIRECTION ( 'NONE',  ( -1.000000000000000000, 0.000000000000000000, 0.000000000000000000 ) ) ;
#1507 = EDGE_LOOP ( 'NONE', ( #1325, #2868, #1001, #1644 ) ) ;
#1508 = CARTESIAN_POINT ( 'NONE',  ( 2.540000000000000036, -2.640000000000000124, 4.900000000000000355 ) ) ;
#1509 = DIRECTION ( 'NONE',  ( 1.000000000000000000, 4.336808689942025625E-15, 0.000000000000000000 ) ) ;
#1510 = DIRECTION ( 'NONE',  ( -1.000000000000000000, 0.000000000000000000, -0.000000000000000000 ) ) ;
#1511 = FILL_AREA_STYLE_COLOUR ( '', #810 ) ;
#1512 = CARTESIAN_POINT ( 'NONE',  ( -1.405000000000000027, -2.089999999999999858, -0.09999999999999999167 ) ) ;
#1513 = CARTESIAN_POINT ( 'NONE',  ( -2.539999999999999147, -2.639999999999999680, 4.900000000000000355 ) ) ;
#1514 = CARTESIAN_POINT ( 'NONE',  ( -2.540000000000000036, 2.729442719099991699, 0.05527864045000452364 ) ) ;
#1515 = ADVANCED_FACE ( 'NONE', ( #514 ), #578, .T. ) ;
#1516 = CIRCLE ( 'NONE', #323, 0.09999999999999982514 ) ;
#1517 = ORIENTED_EDGE ( 'NONE', *, *, #898, .T. ) ;
#1518 = FACE_OUTER_BOUND ( 'NONE', #4, .T. ) ;
#1519 = VECTOR ( 'NONE', #9, 1000.000000000000000 ) ;
#1520 = CARTESIAN_POINT ( 'NONE',  ( -2.597735026918963186, -2.697735026918962387, 4.957735026918963506 ) ) ;
#1521 = STYLED_ITEM ( 'NONE', ( #198 ), #2298 ) ;
#1522 = AXIS2_PLACEMENT_3D ( 'NONE', #91, #992, #2583 ) ;
#1523 = DIRECTION ( 'NONE',  ( 0.000000000000000000, 0.000000000000000000, 1.000000000000000000 ) ) ;
#1524 = AXIS2_PLACEMENT_3D ( 'NONE', #1974, #880, #1055 ) ;
#1525 = DIRECTION ( 'NONE',  ( 0.000000000000000000, 0.000000000000000000, -1.000000000000000000 ) ) ;
#1526 = ORIENTED_EDGE ( 'NONE', *, *, #2046, .F. ) ;
#1527 = STYLED_ITEM ( 'NONE', ( #1086 ), #950 ) ;
#1528 = CARTESIAN_POINT ( 'NONE',  ( -2.597735026918961854, -2.697735026918962387, 0.04226497308103824291 ) ) ;
#1529 = AXIS2_PLACEMENT_3D ( 'NONE', #2398, #2641, #1099 ) ;
#1530 = CIRCLE ( 'NONE', #2290, 0.09999999999999982514 ) ;
#1531 = CARTESIAN_POINT ( 'NONE',  ( -2.640000000000000124, 2.640000000000000124, 0.000000000000000000 ) ) ;
#1532 = CARTESIAN_POINT ( 'NONE',  ( 2.493018577200450281, -2.791539568547497296, 4.941959649094453511 ) ) ;
#1533 = CARTESIAN_POINT ( 'NONE',  ( 2.540000000000000036, -1.370000000000000107, 0.1000000000000000056 ) ) ;
#1534 = PRESENTATION_LAYER_ASSIGNMENT (  '', '', ( #572 ) ) ;
#1535 = CARTESIAN_POINT ( 'NONE',  ( 2.684659952694483653, -2.586138961347432819, 0.04428111919951645964 ) ) ;
#1536 = EDGE_CURVE ( 'NONE', #2130, #747, #2888, .T. ) ;
#1537 = DIRECTION ( 'NONE',  ( -1.000000000000000000, -1.051347561198070012E-16, -0.000000000000000000 ) ) ;
#1538 = DIRECTION ( 'NONE',  ( -0.000000000000000000, -1.000000000000000000, -0.000000000000000000 ) ) ;
#1539 = EDGE_CURVE ( 'NONE', #109, #856, #1987, .T. ) ;
#1540 = UNCERTAINTY_MEASURE_WITH_UNIT (LENGTH_MEASURE( 1.000000000000000082E-05 ), #1299, 'distance_accuracy_value', 'NONE');
#1541 = PRODUCT_CONTEXT ( 'NONE', #1873, 'mechanical' ) ;
#1542 = CARTESIAN_POINT ( 'NONE',  ( 2.486138961347433618, 2.784659952694484630, 0.04428111919951854131 ) ) ;
#1543 =( NAMED_UNIT ( * ) PLANE_ANGLE_UNIT ( ) SI_UNIT ( $, .RADIAN. ) );
#1544 = ORIENTED_EDGE ( 'NONE', *, *, #206, .F. ) ;
#1545 = FILL_AREA_STYLE_COLOUR ( '', #97 ) ;
#1546 = CARTESIAN_POINT ( 'NONE',  ( 1.155000000000000027, -2.100000000000000089, -0.08999999999999999667 ) ) ;
#1547 = ORIENTED_EDGE ( 'NONE', *, *, #2653, .F. ) ;
#1548 = CARTESIAN_POINT ( 'NONE',  ( -2.597735026918962742, -2.674165146386241254, 0.01869509254831622572 ) ) ;
#1549 = FACE_OUTER_BOUND ( 'NONE', #1401, .T. ) ;
#1550 = DIRECTION ( 'NONE',  ( 0.000000000000000000, -1.000000000000000000, 0.000000000000000000 ) ) ;
#1551 = DIRECTION ( 'NONE',  ( 2.312964634635739999E-16, 1.000000000000000000, -0.000000000000000000 ) ) ;
#1552 = CARTESIAN_POINT ( 'NONE',  ( 2.597735026918962742, 2.697735026918962387, 0.04226497308103732697 ) ) ;
#1553 = ADVANCED_FACE ( 'NONE', ( #2871 ), #2858, .T. ) ;
#1554 = LINE ( 'NONE', #1110, #2467 ) ;
#1555 = EDGE_LOOP ( 'NONE', ( #446, #719, #2820, #2320 ) ) ;
#1556 = CARTESIAN_POINT ( 'NONE',  ( -2.543302719437628312, -2.748521061192351844, 0.03861869987309281271 ) ) ;
#1557 = CARTESIAN_POINT ( 'NONE',  ( -2.540000000000000036, 2.640000000000000124, 0.1000000000000000056 ) ) ;
#1558 = SURFACE_STYLE_FILL_AREA ( #689 ) ;
#1559 =( NAMED_UNIT ( * ) PLANE_ANGLE_UNIT ( ) SI_UNIT ( $, .RADIAN. ) );
#1560 = DIRECTION ( 'NONE',  ( 0.000000000000000000, 0.000000000000000000, -1.000000000000000000 ) ) ;
#1561 = STYLED_ITEM ( 'NONE', ( #2732 ), #699 ) ;
#1562 = UNCERTAINTY_MEASURE_WITH_UNIT (LENGTH_MEASURE( 1.000000000000000082E-05 ), #2717, 'distance_accuracy_value', 'NONE');
#1563 = MECHANICAL_DESIGN_GEOMETRIC_PRESENTATION_REPRESENTATION (  '', ( #1805 ), #179 ) ;
#1564 = PRESENTATION_STYLE_ASSIGNMENT (( #1806 ) ) ;
#1565 = CARTESIAN_POINT ( 'NONE',  ( 2.439191034137318415, 2.682030276237607147, -0.05796643830396194796 ) ) ;
#1566 = VECTOR ( 'NONE', #2470, 1000.000000000000000 ) ;
#1567 = MECHANICAL_DESIGN_GEOMETRIC_PRESENTATION_REPRESENTATION (  '', ( #2847 ), #416 ) ;
#1568 = DIRECTION ( 'NONE',  ( 1.000000000000000000, 0.000000000000000000, 0.000000000000000000 ) ) ;
#1569 = EDGE_LOOP ( 'NONE', ( #1907, #741, #1986, #2133 ) ) ;
#1570 = EDGE_CURVE ( 'NONE', #856, #1817, #1980, .T. ) ;
#1571 =( GEOMETRIC_REPRESENTATION_CONTEXT ( 3 ) GLOBAL_UNCERTAINTY_ASSIGNED_CONTEXT ( ( #1540 ) ) GLOBAL_UNIT_ASSIGNED_CONTEXT ( ( #1299, #171, #631 ) ) REPRESENTATION_CONTEXT ( 'NONE', 'WORKASPACE' ) );
#1572 = MECHANICAL_DESIGN_GEOMETRIC_PRESENTATION_REPRESENTATION (  '', ( #808 ), #2048 ) ;
#1573 =( NAMED_UNIT ( * ) PLANE_ANGLE_UNIT ( ) SI_UNIT ( $, .RADIAN. ) );
#1574 = CIRCLE ( 'NONE', #1905, 0.1000000000000000056 ) ;
#1575 = CIRCLE ( 'NONE', #2532, 0.09999999999999999167 ) ;
#1576 =( BOUNDED_SURFACE ( )  B_SPLINE_SURFACE ( 3, 3, ( 
 ( #2482, #257, #1975, #2496 ),
 ( #2202, #1314, #199, #2878 ),
 ( #881, #1532, #2508, #783 ),
 ( #2303, #1204, #1621, #2070 ) ),
 .UNSPECIFIED., .F., .F., .F. ) 
 B_SPLINE_SURFACE_WITH_KNOTS ( ( 4, 4 ),
 ( 4, 4 ),
 ( 0.000000000000000000, 1.000000000000000000 ),
 ( 0.000000000000000000, 1.000000000000000000 ),
 .UNSPECIFIED. ) 
 GEOMETRIC_REPRESENTATION_ITEM ( )  RATIONAL_B_SPLINE_SURFACE ( (
 ( 1.000000000000000000, 0.3333333333333315940, 0.3333333333333315940, 1.000000000000000000),
 ( 0.9245018060306382512, 0.3081672686768778258, 0.3081672686768778258, 0.9245018060306382512),
 ( 0.9245018060306382512, 0.3081672686768778258, 0.3081672686768778258, 0.9245018060306382512),
 ( 1.000000000000000000, 0.3333333333333315940, 0.3333333333333315940, 1.000000000000000000) ) ) 
 REPRESENTATION_ITEM ( '' )  SURFACE ( )  );
#1577 =( GEOMETRIC_REPRESENTATION_CONTEXT ( 3 ) GLOBAL_UNCERTAINTY_ASSIGNED_CONTEXT ( ( #298 ) ) GLOBAL_UNIT_ASSIGNED_CONTEXT ( ( #593, #2545, #442 ) ) REPRESENTATION_CONTEXT ( 'NONE', 'WORKASPACE' ) );
#1578 = PRESENTATION_STYLE_ASSIGNMENT (( #2023 ) ) ;
#1579 = MECHANICAL_DESIGN_GEOMETRIC_PRESENTATION_REPRESENTATION (  '', ( #2430 ), #1227 ) ;
#1580 = CARTESIAN_POINT ( 'NONE',  ( 2.648521061192351311, -2.643302719437626624, 0.03861869987309010654 ) ) ;
#1581 = STYLED_ITEM ( 'NONE', ( #828 ), #549 ) ;
#1582 = DIRECTION ( 'NONE',  ( 0.5773502691896287287, -0.5773502691896242878, 0.5773502691896242878 ) ) ;
#1583 = CARTESIAN_POINT ( 'NONE',  ( -2.584721359549996045, -2.729442719099991699, 0.1000000000000000056 ) ) ;
#1584 = DIRECTION ( 'NONE',  ( 2.025954424498460092E-16, -1.000000000000000000, 0.000000000000000000 ) ) ;
#1585 = COLOUR_RGB ( '',0.2862745098039215508, 0.2862745098039215508, 0.2862745098039215508 ) ;
#1586 =( NAMED_UNIT ( * ) PLANE_ANGLE_UNIT ( ) SI_UNIT ( $, .RADIAN. ) );
#1587 = CARTESIAN_POINT ( 'NONE',  ( 2.540000000000000036, 2.640000000000000124, 0.1000000000000000056 ) ) ;
#1588 = VERTEX_POINT ( 'NONE', #1708 ) ;
#1589 = SURFACE_STYLE_FILL_AREA ( #2477 ) ;
#1590 = EDGE_CURVE ( 'NONE', #1241, #2827, #625, .T. ) ;
#1591 = CARTESIAN_POINT ( 'NONE',  ( -2.128805807962083740, 0.000000000000000000, 0.002000000000000000909 ) ) ;
#1592 = ORIENTED_EDGE ( 'NONE', *, *, #1594, .F. ) ;
#1593 = PLANE ( 'NONE',  #1762 ) ;
#1594 = EDGE_CURVE ( 'NONE', #729, #2130, #282, .T. ) ;
#1595 = ORIENTED_EDGE ( 'NONE', *, *, #536, .F. ) ;
#1596 = CARTESIAN_POINT ( 'NONE',  ( 2.515094501859784781, -2.673062582892963945, 0.008969336073861246608 ) ) ;
#1597 = DIRECTION ( 'NONE',  ( 1.000000000000000000, 0.000000000000000000, 0.000000000000000000 ) ) ;
#1598 = CARTESIAN_POINT ( 'NONE',  ( 1.155000000000000027, -2.100000000000000089, -0.08999999999999999667 ) ) ;
#1599 = UNCERTAINTY_MEASURE_WITH_UNIT (LENGTH_MEASURE( 1.000000000000000082E-05 ), #795, 'distance_accuracy_value', 'NONE');
#1600 = DIRECTION ( 'NONE',  ( 1.000000000000000000, 0.000000000000000000, -0.000000000000000000 ) ) ;
#1601 = SURFACE_STYLE_FILL_AREA ( #1154 ) ;
#1602 = ORIENTED_EDGE ( 'NONE', *, *, #1706, .F. ) ;
#1603 = DIRECTION ( 'NONE',  ( -0.000000000000000000, 0.000000000000000000, -1.000000000000000000 ) ) ;
#1604 = DIRECTION ( 'NONE',  ( -1.321694076934709909E-16, 1.000000000000000000, -0.000000000000000000 ) ) ;
#1605 = SURFACE_SIDE_STYLE ('',( #524 ) ) ;
#1606 = ORIENTED_EDGE ( 'NONE', *, *, #2346, .T. ) ;
#1607 = CARTESIAN_POINT ( 'NONE',  ( 2.697966438303961656, 2.539191034137318503, 4.942030276237608710 ) ) ;
#1608 = EDGE_CURVE ( 'NONE', #1829, #1657, #2365, .T. ) ;
#1609 = DIRECTION ( 'NONE',  ( 0.000000000000000000, 1.000000000000000000, 0.000000000000000000 ) ) ;
#1610 = VERTEX_POINT ( 'NONE', #1271 ) ;
#1611 = FILL_AREA_STYLE_COLOUR ( '', #2767 ) ;
#1612 = SURFACE_STYLE_FILL_AREA ( #1386 ) ;
#1613 = AXIS2_PLACEMENT_3D ( 'NONE', #2676, #1550, #1560 ) ;
#1614 = VERTEX_POINT ( 'NONE', #154 ) ;
#1615 = FILL_AREA_STYLE_COLOUR ( '', #426 ) ;
#1616 = AXIS2_PLACEMENT_3D ( 'NONE', #974, #345, #1007 ) ;
#1617 = CIRCLE ( 'NONE', #1989, 0.09999999999999982514 ) ;
#1618 = CYLINDRICAL_SURFACE ( 'NONE', #2186, 0.009999999999999998473 ) ;
#1619 = VECTOR ( 'NONE', #363, 1000.000000000000000 ) ;
#1620 = STYLED_ITEM ( 'NONE', ( #1946 ), #1407 ) ;
#1621 = CARTESIAN_POINT ( 'NONE',  ( 2.564094889548320211, -2.806934131648605391, 4.808158727481965045 ) ) ;
#1622 = VECTOR ( 'NONE', #603, 1000.000000000000000 ) ;
#1623 =( NAMED_UNIT ( * ) PLANE_ANGLE_UNIT ( ) SI_UNIT ( $, .RADIAN. ) );
#1624 = ORIENTED_EDGE ( 'NONE', *, *, #1900, .T. ) ;
#1625 =( NAMED_UNIT ( * ) PLANE_ANGLE_UNIT ( ) SI_UNIT ( $, .RADIAN. ) );
#1626 = VECTOR ( 'NONE', #2646, 1000.000000000000000 ) ;
#1627 =( GEOMETRIC_REPRESENTATION_CONTEXT ( 3 ) GLOBAL_UNCERTAINTY_ASSIGNED_CONTEXT ( ( #1404 ) ) GLOBAL_UNIT_ASSIGNED_CONTEXT ( ( #548, #123, #1276 ) ) REPRESENTATION_CONTEXT ( 'NONE', 'WORKASPACE' ) );
#1628 =( LENGTH_UNIT ( ) NAMED_UNIT ( * ) SI_UNIT ( .MILLI., .METRE. ) );
#1629 = STYLED_ITEM ( 'NONE', ( #2632 ), #353 ) ;
#1630 = ORIENTED_EDGE ( 'NONE', *, *, #2459, .T. ) ;
#1631 =( NAMED_UNIT ( * ) PLANE_ANGLE_UNIT ( ) SI_UNIT ( $, .RADIAN. ) );
#1632 = EDGE_CURVE ( 'NONE', #1447, #2418, #1052, .T. ) ;
#1633 = UNCERTAINTY_MEASURE_WITH_UNIT (LENGTH_MEASURE( 1.000000000000000082E-05 ), #1927, 'distance_accuracy_value', 'NONE');
#1634 = CARTESIAN_POINT ( 'NONE',  ( 2.684659952694482765, -2.586138961347434151, 4.955718880800481507 ) ) ;
#1635 = SURFACE_SIDE_STYLE ('',( #2322 ) ) ;
#1636 = DIRECTION ( 'NONE',  ( 0.000000000000000000, 0.000000000000000000, -1.000000000000000000 ) ) ;
#1637 = EDGE_CURVE ( 'NONE', #799, #423, #2645, .T. ) ;
#1638 = PRESENTATION_LAYER_ASSIGNMENT (  '', '', ( #1824 ) ) ;
#1639 = ORIENTED_EDGE ( 'NONE', *, *, #1570, .T. ) ;
#1640 =( NAMED_UNIT ( * ) SI_UNIT ( $, .STERADIAN. ) SOLID_ANGLE_UNIT ( ) );
#1641 = FILL_AREA_STYLE_COLOUR ( '', #2713 ) ;
#1642 = DIRECTION ( 'NONE',  ( 2.025954424498460092E-16, -1.000000000000000000, -0.000000000000000000 ) ) ;
#1643 =( LENGTH_UNIT ( ) NAMED_UNIT ( * ) SI_UNIT ( .MILLI., .METRE. ) );
#1644 = ORIENTED_EDGE ( 'NONE', *, *, #206, .T. ) ;
#1645 = CARTESIAN_POINT ( 'NONE',  ( 2.684659952694484097, 2.586138961347435927, 4.955718880800482395 ) ) ;
#1646 = VERTEX_POINT ( 'NONE', #234 ) ;
#1647 = CARTESIAN_POINT ( 'NONE',  ( 2.597735026918963186, 2.697735026918962387, 0.04226497308103764616 ) ) ;
#1648 = PRODUCT_RELATED_PRODUCT_CATEGORY ( 'part', '', ( #2414 ) ) ;
#1649 = DIRECTION ( 'NONE',  ( 0.000000000000000000, 0.000000000000000000, 1.000000000000000000 ) ) ;
#1650 = ORIENTED_EDGE ( 'NONE', *, *, #779, .F. ) ;
#1651 = EDGE_CURVE ( 'NONE', #1853, #2742, #287, .T. ) ;
#1652 = LINE ( 'NONE', #80, #1038 ) ;
#1653 = SURFACE_STYLE_USAGE ( .BOTH. , #1874 ) ;
#1654 = PRESENTATION_STYLE_ASSIGNMENT (( #784 ) ) ;
#1655 = CARTESIAN_POINT ( 'NONE',  ( 2.515094501859785669, 2.673062582892962169, 4.991030663926140143 ) ) ;
#1656 = CARTESIAN_POINT ( 'NONE',  ( -1.155000000000000027, 2.100000000000000089, 0.000000000000000000 ) ) ;
#1657 = VERTEX_POINT ( 'NONE', #2269 ) ;
#1658 = CARTESIAN_POINT ( 'NONE',  ( -2.601381300126910823, -2.643302719437627069, 5.008521061192351631 ) ) ;
#1659 = CARTESIAN_POINT ( 'NONE',  ( 2.154999999999999805, 2.100000000000000089, 0.000000000000000000 ) ) ;
#1660 = EDGE_LOOP ( 'NONE', ( #2695, #2560, #240, #527 ) ) ;
#1661 =( LENGTH_UNIT ( ) NAMED_UNIT ( * ) SI_UNIT ( .MILLI., .METRE. ) );
#1662 = CARTESIAN_POINT ( 'NONE',  ( -2.597735026918964074, -2.697735026918961498, 4.957735026918964394 ) ) ;
#1663 = EDGE_CURVE ( 'NONE', #324, #619, #41, .T. ) ;
#1664 = APPLICATION_CONTEXT ( 'automotive_design' ) ;
#1665 = CIRCLE ( 'NONE', #2042, 0.09999999999999982514 ) ;
#1666 = VECTOR ( 'NONE', #2072, 1000.000000000000000 ) ;
#1667 =( NAMED_UNIT ( * ) PLANE_ANGLE_UNIT ( ) SI_UNIT ( $, .RADIAN. ) );
#1668 = ORIENTED_EDGE ( 'NONE', *, *, #374, .T. ) ;
#1669 = AXIS2_PLACEMENT_3D ( 'NONE', #173, #1469, #2360 ) ;
#1670 = DIRECTION ( 'NONE',  ( 1.000000000000000000, -2.312964634635739999E-16, 0.000000000000000000 ) ) ;
#1671 = VECTOR ( 'NONE', #210, 1000.000000000000000 ) ;
#1672 = ORIENTED_EDGE ( 'NONE', *, *, #1924, .T. ) ;
#1673 = PRESENTATION_LAYER_ASSIGNMENT (  '', '', ( #2711 ) ) ;
#1674 = FILL_AREA_STYLE ('',( #2817 ) ) ;
#1675 = MANIFOLD_SOLID_BREP ( 'Imported1', #1032 ) ;
#1676 = CARTESIAN_POINT ( 'NONE',  ( -2.597735026918962742, -2.697735026918962387, 0.04226497308103735473 ) ) ;
#1677 = DIRECTION ( 'NONE',  ( 1.000000000000000000, 0.000000000000000000, 0.000000000000000000 ) ) ;
#1678 = CARTESIAN_POINT ( 'NONE',  ( -1.905000000000000027, 2.089999999999999858, -0.08999999999999999667 ) ) ;
#1679 = AXIS2_PLACEMENT_3D ( 'NONE', #2090, #545, #355 ) ;
#1680 = ORIENTED_EDGE ( 'NONE', *, *, #879, .T. ) ;
#1681 = CARTESIAN_POINT ( 'NONE',  ( -2.597735026918964074, -2.697735026918962387, 4.957735026918963506 ) ) ;
#1682 =( GEOMETRIC_REPRESENTATION_CONTEXT ( 3 ) GLOBAL_UNCERTAINTY_ASSIGNED_CONTEXT ( ( #2016 ) ) GLOBAL_UNIT_ASSIGNED_CONTEXT ( ( #1116, #200, #673 ) ) REPRESENTATION_CONTEXT ( 'NONE', 'WORKASPACE' ) );
#1683 = PRESENTATION_LAYER_ASSIGNMENT (  '', '', ( #2581 ) ) ;
#1684 = DIRECTION ( 'NONE',  ( 0.000000000000000000, -0.000000000000000000, -1.000000000000000000 ) ) ;
#1685 = CARTESIAN_POINT ( 'NONE',  ( 2.597735026918964074, 2.697735026918962831, 4.957735026918964394 ) ) ;
#1686 = SURFACE_STYLE_USAGE ( .BOTH. , #827 ) ;
#1687 =( LENGTH_UNIT ( ) NAMED_UNIT ( * ) SI_UNIT ( .MILLI., .METRE. ) );
#1688 = ORIENTED_EDGE ( 'NONE', *, *, #898, .F. ) ;
#1689 = PRESENTATION_STYLE_ASSIGNMENT (( #818 ) ) ;
#1690 = EDGE_CURVE ( 'NONE', #395, #324, #1825, .T. ) ;
#1691 = EDGE_LOOP ( 'NONE', ( #2301, #1245, #1388, #2366, #70, #2540 ) ) ;
#1692 = PRODUCT_DEFINITION_CONTEXT ( 'detailed design', #2518, 'design' ) ;
#1693 = SURFACE_SIDE_STYLE ('',( #2795 ) ) ;
#1694 = CARTESIAN_POINT ( 'NONE',  ( 2.540000000000000036, 2.640000000000000124, 0.000000000000000000 ) ) ;
#1695 = DIRECTION ( 'NONE',  ( 0.000000000000000000, 1.000000000000000000, 0.000000000000000000 ) ) ;
#1696 = EDGE_LOOP ( 'NONE', ( #296, #868, #2123, #1195 ) ) ;
#1697 = SHAPE_REPRESENTATION_RELATIONSHIP ( 'NONE' , 'NONE' ,  #1062, #63 ) ;
#1698 = FACE_OUTER_BOUND ( 'NONE', #2643, .T. ) ;
#1699 = CARTESIAN_POINT ( 'NONE',  ( -2.588839264947465857, 2.644368729000468488, 4.993309800894468964 ) ) ;
#1700 = CARTESIAN_POINT ( 'NONE',  ( 2.574165146386242053, 2.697735026918963275, 4.981304907451685082 ) ) ;
#1701 =( NAMED_UNIT ( * ) SI_UNIT ( $, .STERADIAN. ) SOLID_ANGLE_UNIT ( ) );
#1702 = CYLINDRICAL_SURFACE ( 'NONE', #2862, 0.09999999999999982514 ) ;
#1703 = SURFACE_SIDE_STYLE ('',( #421 ) ) ;
#1704 = EDGE_LOOP ( 'NONE', ( #115, #534, #683, #1285 ) ) ;
#1705 = LINE ( 'NONE', #1977, #2651 ) ;
#1706 = EDGE_CURVE ( 'NONE', #386, #972, #1133, .T. ) ;
#1707 = DIRECTION ( 'NONE',  ( 1.321694076934709909E-16, -1.000000000000000000, 0.000000000000000000 ) ) ;
#1708 = CARTESIAN_POINT ( 'NONE',  ( -2.584721359549995601, -2.639999999999999680, 0.01055728090000830621 ) ) ;
#1709 = ORIENTED_EDGE ( 'NONE', *, *, #1773, .F. ) ;
#1710 = CARTESIAN_POINT ( 'NONE',  ( -2.633309800894467312, -2.688839264947466390, 4.904368729000467830 ) ) ;
#1711 = LINE ( 'NONE', #2400, #1897 ) ;
#1712 = UNCERTAINTY_MEASURE_WITH_UNIT (LENGTH_MEASURE( 1.000000000000000082E-05 ), #1470, 'distance_accuracy_value', 'NONE');
#1713 = CARTESIAN_POINT ( 'NONE',  ( 2.631030663926140267, 2.673062582892962169, 4.875094501859785545 ) ) ;
#1714 = SURFACE_STYLE_FILL_AREA ( #2355 ) ;
#1715 = DIRECTION ( 'NONE',  ( 0.000000000000000000, 1.000000000000000000, 0.000000000000000000 ) ) ;
#1716 = COLOUR_RGB ( '',0.8313725490196077761, 0.8313725490196077761, 0.8313725490196077761 ) ;
#1717 = VECTOR ( 'NONE', #2234, 1000.000000000000000 ) ;
#1718 = CYLINDRICAL_SURFACE ( 'NONE', #1951, 0.009999999999999998473 ) ;
#1719 = ORIENTED_EDGE ( 'NONE', *, *, #2066, .T. ) ;
#1720 =( GEOMETRIC_REPRESENTATION_CONTEXT ( 3 ) GLOBAL_UNCERTAINTY_ASSIGNED_CONTEXT ( ( #1866 ) ) GLOBAL_UNIT_ASSIGNED_CONTEXT ( ( #600, #2674, #924 ) ) REPRESENTATION_CONTEXT ( 'NONE', 'WORKASPACE' ) );
#1721 = DIRECTION ( 'NONE',  ( -0.000000000000000000, -0.000000000000000000, -1.000000000000000000 ) ) ;
#1722 = STYLED_ITEM ( 'NONE', ( #1689 ), #2391 ) ;
#1723 = DIRECTION ( 'NONE',  ( -0.000000000000000000, -0.000000000000000000, -1.000000000000000000 ) ) ;
#1724 = EDGE_CURVE ( 'NONE', #2832, #1447, #2026, .T. ) ;
#1725 = FILL_AREA_STYLE_COLOUR ( '', #994 ) ;
#1726 = AXIS2_PLACEMENT_3D ( 'NONE', #2788, #2801, #2325 ) ;
#1727 = AXIS2_PLACEMENT_3D ( 'NONE', #2696, #2051, #48 ) ;
#1728 = CARTESIAN_POINT ( 'NONE',  ( 2.597735026918961854, 2.697735026918964163, 0.04226497308103824985 ) ) ;
#1729 = EDGE_CURVE ( 'NONE', #230, #2245, #2150, .T. ) ;
#1730 = VECTOR ( 'NONE', #2136, 1000.000000000000000 ) ;
#1731 = CARTESIAN_POINT ( 'NONE',  ( -2.540000000000000480, 2.740000000000000213, 0.000000000000000000 ) ) ;
#1732 = MECHANICAL_DESIGN_GEOMETRIC_PRESENTATION_REPRESENTATION (  '', ( #2243 ), #2481 ) ;
#1733 = AXIS2_PLACEMENT_3D ( 'NONE', #1444, #1269, #1879 ) ;
#1734 = CARTESIAN_POINT ( 'NONE',  ( 2.629442719099991610, -2.684721359549995245, 4.900000000000000355 ) ) ;
#1735 = CARTESIAN_POINT ( 'NONE',  ( -2.155000000000000249, -2.100000000000000089, -0.08999999999999999667 ) ) ;
#1736 = ORIENTED_EDGE ( 'NONE', *, *, #2478, .F. ) ;
#1737 = FACE_OUTER_BOUND ( 'NONE', #1791, .T. ) ;
#1738 = CARTESIAN_POINT ( 'NONE',  ( -2.540000000000000036, -2.640000000000000124, 4.900000000000000355 ) ) ;
#1739 = DIRECTION ( 'NONE',  ( -1.000000000000000000, -1.051347561198070012E-16, -0.000000000000000000 ) ) ;
#1740 =( LENGTH_UNIT ( ) NAMED_UNIT ( * ) SI_UNIT ( .MILLI., .METRE. ) );
#1741 = PLANE ( 'NONE',  #2285 ) ;
#1742 = EDGE_CURVE ( 'NONE', #1614, #1117, #1323, .T. ) ;
#1743 = LINE ( 'NONE', #2394, #1857 ) ;
#1744 = ORIENTED_EDGE ( 'NONE', *, *, #2512, .F. ) ;
#1745 = DIRECTION ( 'NONE',  ( 1.000000000000000000, -2.602085213965215059E-14, 0.000000000000000000 ) ) ;
#1746 = CARTESIAN_POINT ( 'NONE',  ( 2.154999999999999805, 2.100000000000000089, 0.000000000000000000 ) ) ;
#1747 = CARTESIAN_POINT ( 'NONE',  ( -1.655000000000000027, -1.665334536937730077E-15, -0.1000000000000000056 ) ) ;
#1748 = SURFACE_STYLE_USAGE ( .BOTH. , #392 ) ;
#1749 = PRESENTATION_STYLE_ASSIGNMENT (( #1794 ) ) ;
#1750 = VERTEX_POINT ( 'NONE', #2486 ) ;
#1751 = EDGE_CURVE ( 'NONE', #586, #1073, #726, .T. ) ;
#1752 = PLANE ( 'NONE',  #1411 ) ;
#1753 = DIRECTION ( 'NONE',  ( -2.025954424498460092E-16, 1.000000000000000000, -0.000000000000000000 ) ) ;
#1754 =( GEOMETRIC_REPRESENTATION_CONTEXT ( 3 ) GLOBAL_UNCERTAINTY_ASSIGNED_CONTEXT ( ( #1372 ) ) GLOBAL_UNIT_ASSIGNED_CONTEXT ( ( #2302, #318, #2626 ) ) REPRESENTATION_CONTEXT ( 'NONE', 'WORKASPACE' ) );
#1755 = ORIENTED_EDGE ( 'NONE', *, *, #430, .F. ) ;
#1756 = CARTESIAN_POINT ( 'NONE',  ( -2.597735026918963186, -2.721304907451683075, 0.06583485361375816802 ) ) ;
#1757 = AXIS2_PLACEMENT_3D ( 'NONE', #823, #1954, #2595 ) ;
#1758 = AXIS2_PLACEMENT_3D ( 'NONE', #1738, #161, #411 ) ;
#1759 = MECHANICAL_DESIGN_GEOMETRIC_PRESENTATION_REPRESENTATION (  '', ( #2043 ), #608 ) ;
#1760 = CARTESIAN_POINT ( 'NONE',  ( -2.540000000000000480, 2.640000000000000124, 4.900000000000000355 ) ) ;
#1761 = CIRCLE ( 'NONE', #181, 0.1000000000000000333 ) ;
#1762 = AXIS2_PLACEMENT_3D ( 'NONE', #1260, #1923, #2627 ) ;
#1763 = DIRECTION ( 'NONE',  ( 1.000000000000000000, 0.000000000000000000, 0.000000000000000000 ) ) ;
#1764 = CARTESIAN_POINT ( 'NONE',  ( 2.588839264947467633, 2.644368729000465823, 0.006690199105532730096 ) ) ;
#1765 = PRESENTATION_LAYER_ASSIGNMENT (  '', '', ( #2379 ) ) ;
#1766 = STYLED_ITEM ( 'NONE', ( #2639 ), #1553 ) ;
#1767 = CARTESIAN_POINT ( 'NONE',  ( 2.564094889548318879, -2.806934131648604946, 0.1918412725180349554 ) ) ;
#1768 = STYLED_ITEM ( 'NONE', ( #2697 ), #263 ) ;
#1769 =( BOUNDED_SURFACE ( )  B_SPLINE_SURFACE ( 3, 3, ( 
 ( #734, #2125, #1662, #1681 ),
 ( #1448, #2056, #2567, #607 ),
 ( #1710, #581, #1917, #2141 ),
 ( #51, #347, #1242, #124 ) ),
 .UNSPECIFIED., .F., .F., .F. ) 
 B_SPLINE_SURFACE_WITH_KNOTS ( ( 4, 4 ),
 ( 4, 4 ),
 ( 0.000000000000000000, 1.000000000000000000 ),
 ( 0.000000000000000000, 1.000000000000000000 ),
 .UNSPECIFIED. ) 
 GEOMETRIC_REPRESENTATION_ITEM ( )  RATIONAL_B_SPLINE_SURFACE ( (
 ( 1.000000000000000000, 0.3333333333333324822, 0.3333333333333324822, 1.000000000000000000),
 ( 0.9245018060306371410, 0.3081672686768782699, 0.3081672686768782699, 0.9245018060306371410),
 ( 0.9245018060306371410, 0.3081672686768782699, 0.3081672686768782699, 0.9245018060306371410),
 ( 1.000000000000000000, 0.3333333333333324822, 0.3333333333333324822, 1.000000000000000000) ) ) 
 REPRESENTATION_ITEM ( '' )  SURFACE ( )  );
#1770 = CARTESIAN_POINT ( 'NONE',  ( 2.540000000000000036, 2.640000000000000124, 4.900000000000000355 ) ) ;
#1771 = PRODUCT_DEFINITION_FORMATION_WITH_SPECIFIED_SOURCE ( 'ANY', '', #2443, .NOT_KNOWN. ) ;
#1772 = CARTESIAN_POINT ( 'NONE',  ( -2.640000000000000124, 1.370000000000000107, 0.1000000000000000056 ) ) ;
#1773 = EDGE_CURVE ( 'NONE', #2431, #977, #1906, .T. ) ;
#1774 = FACE_OUTER_BOUND ( 'NONE', #1338, .T. ) ;
#1775 = STYLED_ITEM ( 'NONE', ( #2203 ), #444 ) ;
#1776 = LINE ( 'NONE', #2671, #331 ) ;
#1777 = CARTESIAN_POINT ( 'NONE',  ( -2.597735026918962742, -2.697735026918962387, 0.04226497308103729228 ) ) ;
#1778 = MECHANICAL_DESIGN_GEOMETRIC_PRESENTATION_REPRESENTATION (  '', ( #2338 ), #522 ) ;
#1779 = CARTESIAN_POINT ( 'NONE',  ( 2.544368729000466178, -2.688839264947467722, 0.006690199105533268728 ) ) ;
#1780 = EDGE_CURVE ( 'NONE', #1657, #409, #750, .T. ) ;
#1781 = DIRECTION ( 'NONE',  ( -1.000000000000000000, 0.000000000000000000, 0.000000000000000000 ) ) ;
#1782 = DIRECTION ( 'NONE',  ( 1.000000000000000000, 0.000000000000000000, 0.000000000000000000 ) ) ;
#1783 = UNCERTAINTY_MEASURE_WITH_UNIT (LENGTH_MEASURE( 1.000000000000000082E-05 ), #1040, 'distance_accuracy_value', 'NONE');
#1784 = LINE ( 'NONE', #2677, #555 ) ;
#1785 = FACE_OUTER_BOUND ( 'NONE', #2667, .T. ) ;
#1786 = ORIENTED_EDGE ( 'NONE', *, *, #1100, .F. ) ;
#1787 =( NAMED_UNIT ( * ) PLANE_ANGLE_UNIT ( ) SI_UNIT ( $, .RADIAN. ) );
#1788 = DIRECTION ( 'NONE',  ( -1.000000000000000000, -0.000000000000000000, 0.000000000000000000 ) ) ;
#1789 = CARTESIAN_POINT ( 'NONE',  ( -2.540000000000000036, 2.640000000000000124, 0.1000000000000002554 ) ) ;
#1790 = CARTESIAN_POINT ( 'NONE',  ( -2.588839264947467189, -2.733309800894466512, 0.09563127099953400156 ) ) ;
#1791 = EDGE_LOOP ( 'NONE', ( #1592, #1410, #1115, #508, #1208 ) ) ;
#1792 = ADVANCED_FACE ( 'NONE', ( #2882 ), #1921, .T. ) ;
#1793 = LINE ( 'NONE', #1122, #415 ) ;
#1794 = SURFACE_STYLE_USAGE ( .BOTH. , #874 ) ;
#1795 = EDGE_LOOP ( 'NONE', ( #1602, #1365, #1688, #1964, #1417 ) ) ;
#1796 = PLANE ( 'NONE',  #1727 ) ;
#1797 = SURFACE_STYLE_USAGE ( .BOTH. , #906 ) ;
#1798 = FILL_AREA_STYLE_COLOUR ( '', #149 ) ;
#1799 = VERTEX_POINT ( 'NONE', #1209 ) ;
#1800 = CARTESIAN_POINT ( 'NONE',  ( 2.597735026918962742, -2.697735026918962831, 0.04226497308103736861 ) ) ;
#1801 = SURFACE_STYLE_FILL_AREA ( #1162 ) ;
#1802 = CARTESIAN_POINT ( 'NONE',  ( 2.154999999999999805, -1.598280802577860042E-15, 0.000000000000000000 ) ) ;
#1803 = MECHANICAL_DESIGN_GEOMETRIC_PRESENTATION_REPRESENTATION (  '', ( #2368 ), #2513 ) ;
#1804 = UNCERTAINTY_MEASURE_WITH_UNIT (LENGTH_MEASURE( 1.000000000000000082E-05 ), #1456, 'distance_accuracy_value', 'NONE');
#1805 = STYLED_ITEM ( 'NONE', ( #1443 ), #1938 ) ;
#1806 = SURFACE_STYLE_USAGE ( .BOTH. , #29 ) ;
#1807 = CARTESIAN_POINT ( 'NONE',  ( -2.901953770221419907E-16, -2.640000000000000124, 0.000000000000000000 ) ) ;
#1808 = CIRCLE ( 'NONE', #2419, 0.1000000000000000194 ) ;
#1809 = PRESENTATION_LAYER_ASSIGNMENT (  '', '', ( #1437 ) ) ;
#1810 =( LENGTH_UNIT ( ) NAMED_UNIT ( * ) SI_UNIT ( .MILLI., .METRE. ) );
#1811 = ORIENTED_EDGE ( 'NONE', *, *, #1351, .T. ) ;
#1812 = CARTESIAN_POINT ( 'NONE',  ( 1.320000000000000062, 2.739999999999999769, 0.1000000000000000056 ) ) ;
#1813 = COLOUR_RGB ( '',0.8313725490196077761, 0.8313725490196077761, 0.8313725490196077761 ) ;
#1814 = ADVANCED_FACE ( 'NONE', ( #2088 ), #1184, .T. ) ;
#1815 = FILL_AREA_STYLE ('',( #952 ) ) ;
#1816 = DIRECTION ( 'NONE',  ( 0.000000000000000000, -1.000000000000000000, -0.000000000000000000 ) ) ;
#1817 = VERTEX_POINT ( 'NONE', #2489 ) ;
#1818 = CYLINDRICAL_SURFACE ( 'NONE', #520, 0.1000000000000002554 ) ;
#1819 = AXIS2_PLACEMENT_3D ( 'NONE', #1770, #2227, #1334 ) ;
#1820 = EDGE_LOOP ( 'NONE', ( #2786, #351, #561, #311, #1247 ) ) ;
#1821 = DIRECTION ( 'NONE',  ( 1.051347561198070012E-16, -1.000000000000000000, 0.000000000000000000 ) ) ;
#1822 = MECHANICAL_DESIGN_GEOMETRIC_PRESENTATION_REPRESENTATION (  '', ( #569 ), #291 ) ;
#1823 =( NAMED_UNIT ( * ) SI_UNIT ( $, .STERADIAN. ) SOLID_ANGLE_UNIT ( ) );
#1824 = STYLED_ITEM ( 'NONE', ( #1849 ), #2718 ) ;
#1825 = LINE ( 'NONE', #913, #649 ) ;
#1826 = VECTOR ( 'NONE', #242, 1000.000000000000000 ) ;
#1827 =( NAMED_UNIT ( * ) PLANE_ANGLE_UNIT ( ) SI_UNIT ( $, .RADIAN. ) );
#1828 = CARTESIAN_POINT ( 'NONE',  ( 2.145000000000000018, -2.089999999999999858, -0.09999999999999999167 ) ) ;
#1829 = VERTEX_POINT ( 'NONE', #2044 ) ;
#1830 = PRODUCT_DEFINITION ( 'UNKNOWN', '', #1911, #1891 ) ;
#1831 =( GEOMETRIC_REPRESENTATION_CONTEXT ( 3 ) GLOBAL_UNCERTAINTY_ASSIGNED_CONTEXT ( ( #1562 ) ) GLOBAL_UNIT_ASSIGNED_CONTEXT ( ( #2717, #2054, #1640 ) ) REPRESENTATION_CONTEXT ( 'NONE', 'WORKASPACE' ) );
#1832 = CARTESIAN_POINT ( 'NONE',  ( -2.145000000000000018, -1.050000000000000044, -0.08999999999999999667 ) ) ;
#1833 = ADVANCED_FACE ( 'NONE', ( #2522 ), #2297, .F. ) ;
#1834 = ORIENTED_EDGE ( 'NONE', *, *, #2519, .T. ) ;
#1835 = CARTESIAN_POINT ( 'NONE',  ( 2.597735026918963186, 2.697735026918962387, 4.957735026918963506 ) ) ;
#1836 = PRESENTATION_STYLE_ASSIGNMENT (( #2037 ) ) ;
#1837 = ORIENTED_EDGE ( 'NONE', *, *, #510, .T. ) ;
#1838 = CARTESIAN_POINT ( 'NONE',  ( 2.706934131648605746, 2.548158727481963481, 0.07590511045168109316 ) ) ;
#1839 = UNCERTAINTY_MEASURE_WITH_UNIT (LENGTH_MEASURE( 1.000000000000000082E-05 ), #577, 'distance_accuracy_value', 'NONE');
#1840 = FILL_AREA_STYLE_COLOUR ( '', #1409 ) ;
#1841 = DIRECTION ( 'NONE',  ( 2.312964634635739999E-16, 1.000000000000000000, 0.000000000000000000 ) ) ;
#1842 = EDGE_LOOP ( 'NONE', ( #147, #1027, #1624, #2515 ) ) ;
#1843 = SURFACE_STYLE_FILL_AREA ( #292 ) ;
#1844 = ORIENTED_EDGE ( 'NONE', *, *, #965, .F. ) ;
#1845 =( LENGTH_UNIT ( ) NAMED_UNIT ( * ) SI_UNIT ( .MILLI., .METRE. ) );
#1846 =( NAMED_UNIT ( * ) SI_UNIT ( $, .STERADIAN. ) SOLID_ANGLE_UNIT ( ) );
#1847 = ORIENTED_EDGE ( 'NONE', *, *, #259, .T. ) ;
#1848 = CARTESIAN_POINT ( 'NONE',  ( 2.597735026918963186, 2.697735026918961498, 0.04226497308103713962 ) ) ;
#1849 = PRESENTATION_STYLE_ASSIGNMENT (( #1197 ) ) ;
#1850 = SURFACE_STYLE_FILL_AREA ( #975 ) ;
#1851 = CIRCLE ( 'NONE', #37, 0.09999999999999982514 ) ;
#1852 = PRESENTATION_LAYER_ASSIGNMENT (  '', '', ( #1396 ) ) ;
#1853 = VERTEX_POINT ( 'NONE', #945 ) ;
#1854 = LINE ( 'NONE', #684, #998 ) ;
#1855 = AXIS2_PLACEMENT_3D ( 'NONE', #1508, #1286, #148 ) ;
#1856 = FACE_OUTER_BOUND ( 'NONE', #1931, .T. ) ;
#1857 = VECTOR ( 'NONE', #399, 1000.000000000000000 ) ;
#1858 = CLOSED_SHELL ( 'NONE', ( #2391, #950, #515, #1494, #1972, #1833 ) ) ;
#1859 = PRESENTATION_LAYER_ASSIGNMENT (  '', '', ( #379 ) ) ;
#1860 = PLANE ( 'NONE',  #471 ) ;
#1861 = AXIS2_PLACEMENT_3D ( 'NONE', #2762, #2821, #765 ) ;
#1862 = CARTESIAN_POINT ( 'NONE',  ( -2.564094889548317990, 2.548158727481961705, -0.06693413164860634312 ) ) ;
#1863 = ORIENTED_EDGE ( 'NONE', *, *, #1185, .T. ) ;
#1864 = SURFACE_STYLE_USAGE ( .BOTH. , #2296 ) ;
#1865 = EDGE_CURVE ( 'NONE', #1453, #1799, #1665, .T. ) ;
#1866 = UNCERTAINTY_MEASURE_WITH_UNIT (LENGTH_MEASURE( 1.000000000000000082E-05 ), #600, 'distance_accuracy_value', 'NONE');
#1867 = COLOUR_RGB ( '',0.2862745098039215508, 0.2862745098039215508, 0.2862745098039215508 ) ;
#1868 =( NAMED_UNIT ( * ) SI_UNIT ( $, .STERADIAN. ) SOLID_ANGLE_UNIT ( ) );
#1869 = PRESENTATION_STYLE_ASSIGNMENT (( #2526 ) ) ;
#1870 = VECTOR ( 'NONE', #2716, 1000.000000000000000 ) ;
#1871 = VERTEX_POINT ( 'NONE', #1153 ) ;
#1872 = SURFACE_STYLE_USAGE ( .BOTH. , #792 ) ;
#1873 = APPLICATION_CONTEXT ( 'automotive_design' ) ;
#1874 = SURFACE_SIDE_STYLE ('',( #1843 ) ) ;
#1875 = SURFACE_SIDE_STYLE ('',( #1380 ) ) ;
#1876 = FILL_AREA_STYLE ('',( #84 ) ) ;
#1877 = ORIENTED_EDGE ( 'NONE', *, *, #2863, .T. ) ;
#1878 =( BOUNDED_SURFACE ( )  B_SPLINE_SURFACE ( 3, 3, ( 
 ( #337, #69, #53, #2317 ),
 ( #551, #955, #1414, #1434 ),
 ( #1205, #2084, #2113, #1397 ),
 ( #1179, #2289, #81, #968 ) ),
 .UNSPECIFIED., .F., .F., .F. ) 
 B_SPLINE_SURFACE_WITH_KNOTS ( ( 4, 4 ),
 ( 4, 4 ),
 ( 0.000000000000000000, 1.000000000000000000 ),
 ( 0.000000000000000000, 1.000000000000000000 ),
 .UNSPECIFIED. ) 
 GEOMETRIC_REPRESENTATION_ITEM ( )  RATIONAL_B_SPLINE_SURFACE ( (
 ( 1.000000000000000000, 0.3333333333333343140, 0.3333333333333343140, 1.000000000000000000),
 ( 0.9245018060306362528, 0.3081672686768796576, 0.3081672686768796576, 0.9245018060306362528),
 ( 0.9245018060306362528, 0.3081672686768796576, 0.3081672686768796576, 0.9245018060306362528),
 ( 1.000000000000000000, 0.3333333333333343140, 0.3333333333333343140, 1.000000000000000000) ) ) 
 REPRESENTATION_ITEM ( '' )  SURFACE ( )  );
#1879 = DIRECTION ( 'NONE',  ( -1.321694076934709909E-16, -1.000000000000000000, 0.000000000000000000 ) ) ;
#1880 = EDGE_CURVE ( 'NONE', #1817, #230, #2274, .T. ) ;
#1881 = CYLINDRICAL_SURFACE ( 'NONE', #1522, 0.09999999999999982514 ) ;
#1882 = ORIENTED_EDGE ( 'NONE', *, *, #2270, .T. ) ;
#1883 = SURFACE_STYLE_USAGE ( .BOTH. , #500 ) ;
#1884 = EDGE_CURVE ( 'NONE', #2445, #308, #1793, .T. ) ;
#1885 = CARTESIAN_POINT ( 'NONE',  ( -2.597735026918962298, 2.721304907451684407, 4.934165146386243705 ) ) ;
#1886 = SURFACE_SIDE_STYLE ('',( #2558 ) ) ;
#1887 = DIRECTION ( 'NONE',  ( -1.000000000000000000, -1.051347561198070012E-16, 0.000000000000000000 ) ) ;
#1888 = ORIENTED_EDGE ( 'NONE', *, *, #30, .T. ) ;
#1889 = SURFACE_STYLE_USAGE ( .BOTH. , #1217 ) ;
#1890 = EDGE_LOOP ( 'NONE', ( #1105, #834, #598, #690 ) ) ;
#1891 = PRODUCT_DEFINITION_CONTEXT ( 'detailed design', #731, 'design' ) ;
#1892 = CARTESIAN_POINT ( 'NONE',  ( 2.582030276237607058, -2.539191034137316283, 5.057966438303962420 ) ) ;
#1893 = SURFACE_STYLE_USAGE ( .BOTH. , #1635 ) ;
#1894 = LINE ( 'NONE', #1251, #1730 ) ;
#1895 = ORIENTED_EDGE ( 'NONE', *, *, #2512, .T. ) ;
#1896 =( NAMED_UNIT ( * ) SI_UNIT ( $, .STERADIAN. ) SOLID_ANGLE_UNIT ( ) );
#1897 = VECTOR ( 'NONE', #1684, 1000.000000000000000 ) ;
#1898 = PRESENTATION_LAYER_ASSIGNMENT (  '', '', ( #2516 ) ) ;
#1899 = SURFACE_STYLE_FILL_AREA ( #1024 ) ;
#1900 = EDGE_CURVE ( 'NONE', #31, #2085, #903, .T. ) ;
#1901 = CARTESIAN_POINT ( 'NONE',  ( 2.597735026918964962, 2.697735026918964163, 4.957735026918964394 ) ) ;
#1902 = CARTESIAN_POINT ( 'NONE',  ( -2.154999999999999805, 2.100000000000000089, -0.08999999999999999667 ) ) ;
#1903 = ORIENTED_EDGE ( 'NONE', *, *, #861, .F. ) ;
#1904 = COLOUR_RGB ( '',0.8313725490196077761, 0.8313725490196077761, 0.8313725490196077761 ) ;
#1905 = AXIS2_PLACEMENT_3D ( 'NONE', #1557, #2435, #1146 ) ;
#1906 = CIRCLE ( 'NONE', #1996, 0.1000000000000002554 ) ;
#1907 = ORIENTED_EDGE ( 'NONE', *, *, #27, .F. ) ;
#1908 =( GEOMETRIC_REPRESENTATION_CONTEXT ( 3 ) GLOBAL_UNCERTAINTY_ASSIGNED_CONTEXT ( ( #680 ) ) GLOBAL_UNIT_ASSIGNED_CONTEXT ( ( #2694, #1543, #1981 ) ) REPRESENTATION_CONTEXT ( 'NONE', 'WORKASPACE' ) );
#1909 = COLOUR_RGB ( '',0.2862745098039215508, 0.2862745098039215508, 0.2862745098039215508 ) ;
#1910 = CARTESIAN_POINT ( 'NONE',  ( -2.574165146386242053, -2.697735026918962387, 4.981304907451684194 ) ) ;
#1911 = PRODUCT_DEFINITION_FORMATION_WITH_SPECIFIED_SOURCE ( 'ANY', '', #2414, .NOT_KNOWN. ) ;
#1912 = CYLINDRICAL_SURFACE ( 'NONE', #1138, 0.09999999999999982514 ) ;
#1913 =( NAMED_UNIT ( * ) PLANE_ANGLE_UNIT ( ) SI_UNIT ( $, .RADIAN. ) );
#1914 = PRODUCT_DEFINITION_SHAPE ( 'NONE', 'NONE',  #2904 ) ;
#1915 = COLOUR_RGB ( '',0.2862745098039215508, 0.2862745098039215508, 0.2862745098039215508 ) ;
#1916 = ORIENTED_EDGE ( 'NONE', *, *, #846, .F. ) ;
#1917 = CARTESIAN_POINT ( 'NONE',  ( -2.493018577200451613, -2.791539568547498185, 4.941959649094453511 ) ) ;
#1918 = AXIS2_PLACEMENT_3D ( 'NONE', #169, #1479, #1962 ) ;
#1919 = MECHANICAL_DESIGN_GEOMETRIC_PRESENTATION_REPRESENTATION (  '', ( #572 ), #151 ) ;
#1920 =( NAMED_UNIT ( * ) PLANE_ANGLE_UNIT ( ) SI_UNIT ( $, .RADIAN. ) );
#1921 =( BOUNDED_SURFACE ( )  B_SPLINE_SURFACE ( 3, 3, ( 
 ( #1647, #1848, #2308, #778 ),
 ( #2118, #2552, #542, #743 ),
 ( #1017, #2517, #352, #802 ),
 ( #959, #312, #1838, #2739 ) ),
 .UNSPECIFIED., .F., .F., .T. ) 
 B_SPLINE_SURFACE_WITH_KNOTS ( ( 4, 4 ),
 ( 4, 4 ),
 ( 0.000000000000000000, 1.000000000000000000 ),
 ( 0.000000000000000000, 1.000000000000000000 ),
 .UNSPECIFIED. ) 
 GEOMETRIC_REPRESENTATION_ITEM ( )  RATIONAL_B_SPLINE_SURFACE ( (
 ( 1.000000000000000000, 0.3333333333333348691, 0.3333333333333348691, 1.000000000000000000),
 ( 0.9245018060306371410, 0.3081672686768804903, 0.3081672686768804903, 0.9245018060306371410),
 ( 0.9245018060306371410, 0.3081672686768804903, 0.3081672686768804903, 0.9245018060306371410),
 ( 1.000000000000000000, 0.3333333333333348691, 0.3333333333333348691, 1.000000000000000000) ) ) 
 REPRESENTATION_ITEM ( '' )  SURFACE ( )  );
#1922 = UNCERTAINTY_MEASURE_WITH_UNIT (LENGTH_MEASURE( 1.000000000000000082E-05 ), #814, 'distance_accuracy_value', 'NONE');
#1923 = DIRECTION ( 'NONE',  ( 0.000000000000000000, 0.000000000000000000, 1.000000000000000000 ) ) ;
#1924 = EDGE_CURVE ( 'NONE', #2551, #2359, #1264, .T. ) ;
#1925 = ORIENTED_EDGE ( 'NONE', *, *, #911, .T. ) ;
#1926 = MECHANICAL_DESIGN_GEOMETRIC_PRESENTATION_REPRESENTATION (  '', ( #2866 ), #1831 ) ;
#1927 =( LENGTH_UNIT ( ) NAMED_UNIT ( * ) SI_UNIT ( .MILLI., .METRE. ) );
#1928 = SURFACE_SIDE_STYLE ('',( #1049 ) ) ;
#1929 = CYLINDRICAL_SURFACE ( 'NONE', #996, 0.09999999999999982514 ) ;
#1930 = SURFACE_STYLE_USAGE ( .BOTH. , #2758 ) ;
#1931 = EDGE_LOOP ( 'NONE', ( #187, #697, #1668, #819 ) ) ;
#1932 = CARTESIAN_POINT ( 'NONE',  ( 2.597735026918963186, 2.697735026918962387, 4.957735026918963506 ) ) ;
#1933 = CARTESIAN_POINT ( 'NONE',  ( 2.540000000000000480, 2.640000000000001013, 4.900000000000001243 ) ) ;
#1934 = EDGE_CURVE ( 'NONE', #1117, #1241, #1784, .T. ) ;
#1935 = FILL_AREA_STYLE_COLOUR ( '', #92 ) ;
#1936 = EDGE_LOOP ( 'NONE', ( #22, #1263, #160, #552 ) ) ;
#1937 = CARTESIAN_POINT ( 'NONE',  ( -2.588839264947466301, 2.644368729000467599, 4.993309800894468964 ) ) ;
#1938 = ADVANCED_FACE ( 'NONE', ( #2454 ), #2775, .T. ) ;
#1939 = CARTESIAN_POINT ( 'NONE',  ( -2.544368729000465734, -2.688839264947466390, 4.993309800894468076 ) ) ;
#1940 = SURFACE_STYLE_FILL_AREA ( #1065 ) ;
#1941 = FILL_AREA_STYLE_COLOUR ( '', #2380 ) ;
#1942 = CARTESIAN_POINT ( 'NONE',  ( 0.000000000000000000, 0.000000000000000000, 0.000000000000000000 ) ) ;
#1943 = LINE ( 'NONE', #1731, #2644 ) ;
#1944 = UNCERTAINTY_MEASURE_WITH_UNIT (LENGTH_MEASURE( 1.000000000000000082E-05 ), #1335, 'distance_accuracy_value', 'NONE');
#1945 = CARTESIAN_POINT ( 'NONE',  ( 2.564094889548317546, 2.806934131648607167, 4.808158727481964156 ) ) ;
#1946 = PRESENTATION_STYLE_ASSIGNMENT (( #1057 ) ) ;
#1947 = VECTOR ( 'NONE', #1268, 1000.000000000000000 ) ;
#1948 = ORIENTED_EDGE ( 'NONE', *, *, #2591, .T. ) ;
#1949 = PRESENTATION_LAYER_ASSIGNMENT (  '', '', ( #329 ) ) ;
#1950 = CARTESIAN_POINT ( 'NONE',  ( 2.540000000000000036, -2.640000000000000124, 0.1000000000000000056 ) ) ;
#1951 = AXIS2_PLACEMENT_3D ( 'NONE', #2406, #2166, #146 ) ;
#1952 =( GEOMETRIC_REPRESENTATION_CONTEXT ( 3 ) GLOBAL_UNCERTAINTY_ASSIGNED_CONTEXT ( ( #1210 ) ) GLOBAL_UNIT_ASSIGNED_CONTEXT ( ( #1464, #144, #1034 ) ) REPRESENTATION_CONTEXT ( 'NONE', 'WORKASPACE' ) );
#1953 = CARTESIAN_POINT ( 'NONE',  ( -2.633309800894467756, -2.688839264947467278, 4.904368729000466054 ) ) ;
#1954 = DIRECTION ( 'NONE',  ( -0.8164965809277302533, -0.4082482904638586318, -0.4082482904638586318 ) ) ;
#1955 = PRESENTATION_LAYER_ASSIGNMENT (  '', '', ( #1177 ) ) ;
#1956 = EDGE_CURVE ( 'NONE', #2551, #929, #1390, .T. ) ;
#1957 = COLOUR_RGB ( '',0.2862745098039215508, 0.2862745098039215508, 0.2862745098039215508 ) ;
#1958 = APPLICATION_PROTOCOL_DEFINITION ( 'draft international standard', 'automotive_design', 1998, #841 ) ;
#1959 = CIRCLE ( 'NONE', #1352, 0.1000000000000000333 ) ;
#1960 = CARTESIAN_POINT ( 'NONE',  ( -2.154999999999999805, 2.100000000000000089, 0.000000000000000000 ) ) ;
#1961 = COLOUR_RGB ( '',0.2862745098039215508, 0.2862745098039215508, 0.2862745098039215508 ) ;
#1962 = DIRECTION ( 'NONE',  ( -0.5773502691896250649, -0.5773502691896250649, -0.5773502691896270633 ) ) ;
#1963 = CARTESIAN_POINT ( 'NONE',  ( -2.540000000000000036, -2.640000000000000124, 4.900000000000000355 ) ) ;
#1964 = ORIENTED_EDGE ( 'NONE', *, *, #640, .F. ) ;
#1965 = CARTESIAN_POINT ( 'NONE',  ( -2.540000000000000480, 2.640000000000000124, 0.000000000000000000 ) ) ;
#1966 = CARTESIAN_POINT ( 'NONE',  ( 2.640000000000000124, -2.740000000000000213, 4.900000000000000355 ) ) ;
#1967 = DIRECTION ( 'NONE',  ( 0.000000000000000000, -0.000000000000000000, -1.000000000000000000 ) ) ;
#1968 = ADVANCED_FACE ( 'NONE', ( #1238 ), #2157, .T. ) ;
#1969 = DIRECTION ( 'NONE',  ( -0.000000000000000000, 1.000000000000000000, 0.000000000000000000 ) ) ;
#1970 = CARTESIAN_POINT ( 'NONE',  ( -2.540000000000000036, 2.640000000000000124, 0.1000000000000000056 ) ) ;
#1971 = ORIENTED_EDGE ( 'NONE', *, *, #2006, .T. ) ;
#1972 = ADVANCED_FACE ( 'NONE', ( #1317 ), #1287, .T. ) ;
#1973 = DIRECTION ( 'NONE',  ( 0.000000000000000000, 1.000000000000000000, 0.000000000000000000 ) ) ;
#1974 = CARTESIAN_POINT ( 'NONE',  ( -2.539999999999999591, -2.639999999999999680, 0.09999999999999982514 ) ) ;
#1975 = CARTESIAN_POINT ( 'NONE',  ( 2.597735026918962742, -2.697735026918962831, 4.957735026918964394 ) ) ;
#1976 = CARTESIAN_POINT ( 'NONE',  ( -2.588839264947465413, -2.644368729000465823, 0.006690199105532142025 ) ) ;
#1977 = CARTESIAN_POINT ( 'NONE',  ( 2.540000000000000036, 3.869271693628569901E-16, 0.000000000000000000 ) ) ;
#1978 = FILL_AREA_STYLE_COLOUR ( '', #372 ) ;
#1979 = DIRECTION ( 'NONE',  ( 0.000000000000000000, -1.000000000000000000, 0.000000000000000000 ) ) ;
#1980 = LINE ( 'NONE', #859, #499 ) ;
#1981 =( NAMED_UNIT ( * ) SI_UNIT ( $, .STERADIAN. ) SOLID_ANGLE_UNIT ( ) );
#1982 = ORIENTED_EDGE ( 'NONE', *, *, #2206, .F. ) ;
#1983 = CARTESIAN_POINT ( 'NONE',  ( -2.588839264947465413, -2.644368729000466267, 0.006690199105531994574 ) ) ;
#1984 = LINE ( 'NONE', #686, #1826 ) ;
#1985 = EDGE_CURVE ( 'NONE', #1610, #1829, #2650, .T. ) ;
#1986 = ORIENTED_EDGE ( 'NONE', *, *, #2119, .T. ) ;
#1987 = CIRCLE ( 'NONE', #1121, 0.09999999999999982514 ) ;
#1988 = CARTESIAN_POINT ( 'NONE',  ( -1.159142135623730585, 2.095857864376268864, -0.09999999999999972800 ) ) ;
#1989 = AXIS2_PLACEMENT_3D ( 'NONE', #2869, #365, #599 ) ;
#1990 = PRESENTATION_STYLE_ASSIGNMENT (( #711 ) ) ;
#1991 =( GEOMETRIC_REPRESENTATION_CONTEXT ( 3 ) GLOBAL_UNCERTAINTY_ASSIGNED_CONTEXT ( ( #2352 ) ) GLOBAL_UNIT_ASSIGNED_CONTEXT ( ( #1628, #2539, #526 ) ) REPRESENTATION_CONTEXT ( 'NONE', 'WORKASPACE' ) );
#1992 = AXIS2_PLACEMENT_3D ( 'NONE', #1678, #1198, #2137 ) ;
#1993 = DIRECTION ( 'NONE',  ( -0.000000000000000000, 1.000000000000000000, -0.000000000000000000 ) ) ;
#1994 = SURFACE_STYLE_USAGE ( .BOTH. , #2182 ) ;
#1995 = AXIS2_PLACEMENT_3D ( 'NONE', #18, #2480, #487 ) ;
#1996 = AXIS2_PLACEMENT_3D ( 'NONE', #492, #1538, #281 ) ;
#1997 = FILL_AREA_STYLE_COLOUR ( '', #1174 ) ;
#1998 = PRESENTATION_LAYER_ASSIGNMENT (  '', '', ( #2152 ) ) ;
#1999 = VERTEX_POINT ( 'NONE', #2361 ) ;
#2000 = STYLED_ITEM ( 'NONE', ( #1270 ), #283 ) ;
#2001 = SURFACE_STYLE_FILL_AREA ( #74 ) ;
#2002 = SURFACE_STYLE_USAGE ( .BOTH. , #223 ) ;
#2003 = COLOUR_RGB ( '',0.2862745098039215508, 0.2862745098039215508, 0.2862745098039215508 ) ;
#2004 = PRESENTATION_LAYER_ASSIGNMENT (  '', '', ( #2294 ) ) ;
#2005 = CARTESIAN_POINT ( 'NONE',  ( 2.540000000000000036, 2.640000000000000124, 0.1000000000000000056 ) ) ;
#2006 = EDGE_CURVE ( 'NONE', #218, #1829, #645, .T. ) ;
#2007 = PRESENTATION_LAYER_ASSIGNMENT (  '', '', ( #342 ) ) ;
#2008 = ORIENTED_EDGE ( 'NONE', *, *, #1203, .F. ) ;
#2009 = SURFACE_STYLE_FILL_AREA ( #2721 ) ;
#2010 =( GEOMETRIC_REPRESENTATION_CONTEXT ( 3 ) GLOBAL_UNCERTAINTY_ASSIGNED_CONTEXT ( ( #744 ) ) GLOBAL_UNIT_ASSIGNED_CONTEXT ( ( #1740, #1290, #432 ) ) REPRESENTATION_CONTEXT ( 'NONE', 'WORKASPACE' ) );
#2011 = ORIENTED_EDGE ( 'NONE', *, *, #1900, .F. ) ;
#2012 = SURFACE_SIDE_STYLE ('',( #2267 ) ) ;
#2013 = DIRECTION ( 'NONE',  ( 0.4082482904638602972, 0.8164965809277291431, 0.4082482904638599086 ) ) ;
#2014 = FILL_AREA_STYLE_COLOUR ( '', #1915 ) ;
#2015 =( NAMED_UNIT ( * ) PLANE_ANGLE_UNIT ( ) SI_UNIT ( $, .RADIAN. ) );
#2016 = UNCERTAINTY_MEASURE_WITH_UNIT (LENGTH_MEASURE( 1.000000000000000082E-05 ), #1116, 'distance_accuracy_value', 'NONE');
#2017 = CARTESIAN_POINT ( 'NONE',  ( 2.633309800894467756, -2.688839264947465946, 0.09563127099953369625 ) ) ;
#2018 = ORIENTED_EDGE ( 'NONE', *, *, #1539, .T. ) ;
#2019 = LINE ( 'NONE', #2067, #2476 ) ;
#2020 = CARTESIAN_POINT ( 'NONE',  ( -2.439191034137318859, -2.797966438303961745, 0.05796972376239425268 ) ) ;
#2021 = FACE_OUTER_BOUND ( 'NONE', #969, .T. ) ;
#2022 = FILL_AREA_STYLE_COLOUR ( '', #2421 ) ;
#2023 = SURFACE_STYLE_USAGE ( .BOTH. , #706 ) ;
#2024 = EDGE_CURVE ( 'NONE', #2766, #2742, #2631, .T. ) ;
#2025 = CARTESIAN_POINT ( 'NONE',  ( -2.546948992645575505, 2.694088753711015638, -0.01216733440029759382 ) ) ;
#2026 = LINE ( 'NONE', #26, #2091 ) ;
#2027 = EDGE_CURVE ( 'NONE', #155, #218, #2521, .T. ) ;
#2028 = SURFACE_STYLE_USAGE ( .BOTH. , #12 ) ;
#2029 = DIRECTION ( 'NONE',  ( -1.321694076934709909E-16, 1.000000000000000000, 0.000000000000000000 ) ) ;
#2030 = ORIENTED_EDGE ( 'NONE', *, *, #1100, .T. ) ;
#2031 = DIRECTION ( 'NONE',  ( -2.025954424498460092E-16, 1.000000000000000000, -0.000000000000000000 ) ) ;
#2032 = CARTESIAN_POINT ( 'NONE',  ( 2.540000000000000036, 2.639999999999999680, 0.1000000000000000056 ) ) ;
#2033 = ORIENTED_EDGE ( 'NONE', *, *, #864, .T. ) ;
#2034 = CARTESIAN_POINT ( 'NONE',  ( -2.691539568547498096, -2.593018577200448593, 0.05804035090554667681 ) ) ;
#2035 = ORIENTED_EDGE ( 'NONE', *, *, #1751, .T. ) ;
#2036 =( LENGTH_UNIT ( ) NAMED_UNIT ( * ) SI_UNIT ( .MILLI., .METRE. ) );
#2037 = SURFACE_STYLE_USAGE ( .BOTH. , #1181 ) ;
#2038 = SURFACE_SIDE_STYLE ('',( #1801 ) ) ;
#2039 = SURFACE_SIDE_STYLE ('',( #452 ) ) ;
#2040 = AXIS2_PLACEMENT_3D ( 'NONE', #1832, #333, #2546 ) ;
#2041 = UNCERTAINTY_MEASURE_WITH_UNIT (LENGTH_MEASURE( 1.000000000000000082E-05 ), #2779, 'distance_accuracy_value', 'NONE');
#2042 = AXIS2_PLACEMENT_3D ( 'NONE', #960, #251, #2502 ) ;
#2043 = STYLED_ITEM ( 'NONE', ( #322 ), #1302 ) ;
#2044 = CARTESIAN_POINT ( 'NONE',  ( -2.540000000000000036, -2.740000000000000213, 4.900000000000000355 ) ) ;
#2045 = SURFACE_STYLE_USAGE ( .BOTH. , #2490 ) ;
#2046 = EDGE_CURVE ( 'NONE', #2431, #1346, #2193, .T. ) ;
#2047 = AXIS2_PLACEMENT_3D ( 'NONE', #739, #2514, #505 ) ;
#2048 =( GEOMETRIC_REPRESENTATION_CONTEXT ( 3 ) GLOBAL_UNCERTAINTY_ASSIGNED_CONTEXT ( ( #2599 ) ) GLOBAL_UNIT_ASSIGNED_CONTEXT ( ( #356, #1421, #2300 ) ) REPRESENTATION_CONTEXT ( 'NONE', 'WORKASPACE' ) );
#2049 = CARTESIAN_POINT ( 'NONE',  ( -2.150857864376269024, 2.095857864376268864, -0.1000000000000000056 ) ) ;
#2050 = EDGE_LOOP ( 'NONE', ( #2510, #1877, #2401, #754 ) ) ;
#2051 = DIRECTION ( 'NONE',  ( 0.000000000000000000, 0.000000000000000000, 1.000000000000000000 ) ) ;
#2052 = VECTOR ( 'NONE', #1753, 1000.000000000000000 ) ;
#2053 = AXIS2_PLACEMENT_3D ( 'NONE', #2564, #1252, #1636 ) ;
#2054 =( NAMED_UNIT ( * ) PLANE_ANGLE_UNIT ( ) SI_UNIT ( $, .RADIAN. ) );
#2055 = VECTOR ( 'NONE', #1199, 1000.000000000000000 ) ;
#2056 = CARTESIAN_POINT ( 'NONE',  ( -2.594088753711016881, -2.752167334400296816, 4.906948992645575380 ) ) ;
#2057 = MECHANICAL_DESIGN_GEOMETRIC_PRESENTATION_REPRESENTATION (  '', ( #1224 ), #942 ) ;
#2058 = CARTESIAN_POINT ( 'NONE',  ( 1.164999999999999813, 2.089999999999999414, -0.09999999999999999167 ) ) ;
#2059 = CARTESIAN_POINT ( 'NONE',  ( -1.155000000000000249, -2.100000000000000089, 0.000000000000000000 ) ) ;
#2060 = AXIS2_PLACEMENT_3D ( 'NONE', #1533, #478, #2898 ) ;
#2061 = MECHANICAL_DESIGN_GEOMETRIC_PRESENTATION_REPRESENTATION (  '', ( #2294 ), #718 ) ;
#2062 =( GEOMETRIC_REPRESENTATION_CONTEXT ( 3 ) GLOBAL_UNCERTAINTY_ASSIGNED_CONTEXT ( ( #1 ) ) GLOBAL_UNIT_ASSIGNED_CONTEXT ( ( #878, #1573, #1131 ) ) REPRESENTATION_CONTEXT ( 'NONE', 'WORKASPACE' ) );
#2063 = CARTESIAN_POINT ( 'NONE',  ( -2.540000000000000924, 1.370000000000000107, 5.000000000000000888 ) ) ;
#2064 = CARTESIAN_POINT ( 'NONE',  ( -2.639999999999999236, -2.640000000000000124, 4.900000000000000355 ) ) ;
#2065 = VERTEX_POINT ( 'NONE', #2423 ) ;
#2066 = EDGE_CURVE ( 'NONE', #2245, #1646, #1124, .T. ) ;
#2067 = CARTESIAN_POINT ( 'NONE',  ( 2.540000000000000036, 2.740000000000000213, 0.000000000000000000 ) ) ;
#2068 = CARTESIAN_POINT ( 'NONE',  ( -2.597735026918962298, 2.697735026918963275, 4.957735026918963506 ) ) ;
#2069 = ADVANCED_FACE ( 'NONE', ( #1518 ), #150, .T. ) ;
#2070 = CARTESIAN_POINT ( 'NONE',  ( 2.631030663926140267, -2.673062582892961725, 4.875094501859787322 ) ) ;
#2071 = EDGE_LOOP ( 'NONE', ( #2814, #1755, #2030, #652, #1474, #46 ) ) ;
#2072 = DIRECTION ( 'NONE',  ( -1.321694076934709909E-16, 1.000000000000000000, 0.000000000000000000 ) ) ;
#2073 = DIRECTION ( 'NONE',  ( 0.8164965809277260345, -0.4082482904638630172, 0.4082482904638632948 ) ) ;
#2074 = ORIENTED_EDGE ( 'NONE', *, *, #1706, .T. ) ;
#2075 =( LENGTH_UNIT ( ) NAMED_UNIT ( * ) SI_UNIT ( .MILLI., .METRE. ) );
#2076 = UNCERTAINTY_MEASURE_WITH_UNIT (LENGTH_MEASURE( 1.000000000000000082E-05 ), #564, 'distance_accuracy_value', 'NONE');
#2077 = CARTESIAN_POINT ( 'NONE',  ( 2.648521061192351755, -2.643302719437625736, 4.961381300126909366 ) ) ;
#2078 = DIRECTION ( 'NONE',  ( 1.000000000000000000, -0.000000000000000000, -0.000000000000000000 ) ) ;
#2079 = CARTESIAN_POINT ( 'NONE',  ( -2.629442719099992054, -2.684721359549995690, 4.900000000000000355 ) ) ;
#2080 = EDGE_LOOP ( 'NONE', ( #1430, #1863, #2035, #245 ) ) ;
#2081 = DIRECTION ( 'NONE',  ( 0.000000000000000000, -1.000000000000000000, 0.000000000000000000 ) ) ;
#2082 = EDGE_CURVE ( 'NONE', #1999, #1453, #2323, .T. ) ;
#2083 = CARTESIAN_POINT ( 'NONE',  ( 1.159142135623730585, 2.095857864376267976, -0.1000000000000002554 ) ) ;
#2084 = CARTESIAN_POINT ( 'NONE',  ( -2.684659952694482321, 2.695718880800481720, 0.1538610386525651741 ) ) ;
#2085 = VERTEX_POINT ( 'NONE', #725 ) ;
#2086 = SURFACE_STYLE_USAGE ( .BOTH. , #2319 ) ;
#2087 = VERTEX_POINT ( 'NONE', #1340 ) ;
#2088 = FACE_OUTER_BOUND ( 'NONE', #2080, .T. ) ;
#2089 =( BOUNDED_SURFACE ( )  B_SPLINE_SURFACE ( 3, 3, ( 
 ( #1777, #1137, #2672, #424 ),
 ( #1756, #1354, #35, #1548 ),
 ( #1790, #2230, #2034, #1976 ),
 ( #2879, #1149, #937, #1366 ) ),
 .UNSPECIFIED., .F., .F., .F. ) 
 B_SPLINE_SURFACE_WITH_KNOTS ( ( 4, 4 ),
 ( 4, 4 ),
 ( 0.000000000000000000, 1.000000000000000000 ),
 ( 0.000000000000000000, 1.000000000000000000 ),
 .UNSPECIFIED. ) 
 GEOMETRIC_REPRESENTATION_ITEM ( )  RATIONAL_B_SPLINE_SURFACE ( (
 ( 1.000000000000000000, 0.3333333333333304282, 0.3333333333333304282, 1.000000000000000000),
 ( 0.9245018060306373631, 0.3081672686768764380, 0.3081672686768764380, 0.9245018060306373631),
 ( 0.9245018060306373631, 0.3081672686768764380, 0.3081672686768764380, 0.9245018060306373631),
 ( 1.000000000000000000, 0.3333333333333304282, 0.3333333333333304282, 1.000000000000000000) ) ) 
 REPRESENTATION_ITEM ( '' )  SURFACE ( )  );
#2090 = CARTESIAN_POINT ( 'NONE',  ( 2.540000000000000036, 2.640000000000000124, 4.900000000000000355 ) ) ;
#2091 = VECTOR ( 'NONE', #925, 1000.000000000000000 ) ;
#2092 = ORIENTED_EDGE ( 'NONE', *, *, #2422, .F. ) ;
#2093 =( NAMED_UNIT ( * ) SI_UNIT ( $, .STERADIAN. ) SOLID_ANGLE_UNIT ( ) );
#2094 = MECHANICAL_DESIGN_GEOMETRIC_PRESENTATION_REPRESENTATION (  '', ( #981 ), #274 ) ;
#2095 = CIRCLE ( 'NONE', #801, 0.09999999999999982514 ) ;
#2096 = PRESENTATION_LAYER_ASSIGNMENT (  '', '', ( #1722 ) ) ;
#2097 =( GEOMETRIC_REPRESENTATION_CONTEXT ( 3 ) GLOBAL_UNCERTAINTY_ASSIGNED_CONTEXT ( ( #441 ) ) GLOBAL_UNIT_ASSIGNED_CONTEXT ( ( #177, #873, #2442 ) ) REPRESENTATION_CONTEXT ( 'NONE', 'WORKASPACE' ) );
#2098 = LINE ( 'NONE', #980, #2816 ) ;
#2099 = ORIENTED_EDGE ( 'NONE', *, *, #2247, .F. ) ;
#2100 =( LENGTH_UNIT ( ) NAMED_UNIT ( * ) SI_UNIT ( .MILLI., .METRE. ) );
#2101 = VECTOR ( 'NONE', #335, 1000.000000000000000 ) ;
#2102 = AXIS2_PLACEMENT_3D ( 'NONE', #95, #2124, #1461 ) ;
#2103 = EDGE_CURVE ( 'NONE', #1241, #2832, #2754, .T. ) ;
#2104 = PLANE ( 'NONE',  #755 ) ;
#2105 = ORIENTED_EDGE ( 'NONE', *, *, #1651, .T. ) ;
#2106 = STYLED_ITEM ( 'NONE', ( #753 ), #477 ) ;
#2107 = AXIS2_PLACEMENT_3D ( 'NONE', #530, #558, #2796 ) ;
#2108 = ORIENTED_EDGE ( 'NONE', *, *, #1364, .F. ) ;
#2109 = FILL_AREA_STYLE_COLOUR ( '', #2763 ) ;
#2110 = PRESENTATION_STYLE_ASSIGNMENT (( #2586 ) ) ;
#2111 = FILL_AREA_STYLE_COLOUR ( '', #1909 ) ;
#2112 = DIRECTION ( 'NONE',  ( 1.000000000000000000, 0.000000000000000000, -0.000000000000000000 ) ) ;
#2113 = CARTESIAN_POINT ( 'NONE',  ( -2.595718880800481632, 2.784659952694482410, 0.1538610386525635365 ) ) ;
#2114 = ORIENTED_EDGE ( 'NONE', *, *, #967, .F. ) ;
#2115 = CARTESIAN_POINT ( 'NONE',  ( 2.595718880800481188, 2.586138961347435483, 5.044659952694483529 ) ) ;
#2116 = FACE_OUTER_BOUND ( 'NONE', #122, .T. ) ;
#2117 = ORIENTED_EDGE ( 'NONE', *, *, #2226, .F. ) ;
#2118 = CARTESIAN_POINT ( 'NONE',  ( 2.597735026918963186, 2.721304907451683519, 0.06583485361375863987 ) ) ;
#2119 = EDGE_CURVE ( 'NONE', #2766, #586, #2268, .T. ) ;
#2120 = CARTESIAN_POINT ( 'NONE',  ( 2.595718880800482076, -2.586138961347431486, 5.044659952694485305 ) ) ;
#2121 = DIRECTION ( 'NONE',  ( 1.000000000000000000, 0.000000000000000000, 0.000000000000000000 ) ) ;
#2122 = EDGE_CURVE ( 'NONE', #1750, #155, #1761, .T. ) ;
#2123 = ORIENTED_EDGE ( 'NONE', *, *, #2403, .F. ) ;
#2124 = DIRECTION ( 'NONE',  ( 1.000000000000000000, 0.000000000000000000, 0.000000000000000000 ) ) ;
#2125 = CARTESIAN_POINT ( 'NONE',  ( -2.597735026918962742, -2.697735026918961942, 4.957735026918962618 ) ) ;
#2126 = CARTESIAN_POINT ( 'NONE',  ( 2.540000000000000036, -2.639999999999999680, 0.1000000000000000056 ) ) ;
#2127 = SURFACE_STYLE_USAGE ( .BOTH. , #2373 ) ;
#2128 = PRESENTATION_STYLE_ASSIGNMENT (( #1686 ) ) ;
#2129 =( NAMED_UNIT ( * ) SI_UNIT ( $, .STERADIAN. ) SOLID_ANGLE_UNIT ( ) );
#2130 = VERTEX_POINT ( 'NONE', #38 ) ;
#2131 = CARTESIAN_POINT ( 'NONE',  ( 2.574165146386242498, 2.697735026918962387, 4.981304907451684194 ) ) ;
#2132 = CARTESIAN_POINT ( 'NONE',  ( 2.584721359549996489, 2.729442719099991699, 0.1000000000000000056 ) ) ;
#2133 = ORIENTED_EDGE ( 'NONE', *, *, #1185, .F. ) ;
#2134 = CARTESIAN_POINT ( 'NONE',  ( 2.515094501859784337, -2.673062582892961725, 4.991030663926141031 ) ) ;
#2135 = PRODUCT_RELATED_PRODUCT_CATEGORY ( 'part', '', ( #2712 ) ) ;
#2136 = DIRECTION ( 'NONE',  ( -0.000000000000000000, 1.000000000000000000, 0.000000000000000000 ) ) ;
#2137 = DIRECTION ( 'NONE',  ( 0.000000000000000000, 0.000000000000000000, -1.000000000000000000 ) ) ;
#2138 = ORIENTED_EDGE ( 'NONE', *, *, #1780, .F. ) ;
#2139 =( NAMED_UNIT ( * ) PLANE_ANGLE_UNIT ( ) SI_UNIT ( $, .RADIAN. ) );
#2140 = EDGE_CURVE ( 'NONE', #2213, #1359, #932, .T. ) ;
#2141 = CARTESIAN_POINT ( 'NONE',  ( -2.544368729000466622, -2.688839264947467278, 4.993309800894468964 ) ) ;
#2142 = AXIS2_PLACEMENT_3D ( 'NONE', #1357, #250, #1151 ) ;
#2143 = CARTESIAN_POINT ( 'NONE',  ( -2.597735026918961854, 2.674165146386243919, 4.981304907451685970 ) ) ;
#2144 = STYLED_ITEM ( 'NONE', ( #2155 ), #1972 ) ;
#2145 = CARTESIAN_POINT ( 'NONE',  ( 2.621304907451685207, 2.697735026918962831, 4.934165146386242817 ) ) ;
#2146 = AXIS2_PLACEMENT_3D ( 'NONE', #480, #10, #1369 ) ;
#2147 = COLOUR_RGB ( '',0.8313725490196077761, 0.8313725490196077761, 0.8313725490196077761 ) ;
#2148 = PLANE ( 'NONE',  #758 ) ;
#2149 = MECHANICAL_DESIGN_GEOMETRIC_PRESENTATION_REPRESENTATION (  '', ( #2379 ), #96 ) ;
#2150 = CIRCLE ( 'NONE', #843, 0.09999999999999982514 ) ;
#2151 = ORIENTED_EDGE ( 'NONE', *, *, #1382, .F. ) ;
#2152 = STYLED_ITEM ( 'NONE', ( #2402 ), #174 ) ;
#2153 = CARTESIAN_POINT ( 'NONE',  ( 1.154999999999999138, 2.100000000000000089, 0.000000000000000000 ) ) ;
#2154 =( GEOMETRIC_REPRESENTATION_CONTEXT ( 3 ) GLOBAL_UNCERTAINTY_ASSIGNED_CONTEXT ( ( #1341 ) ) GLOBAL_UNIT_ASSIGNED_CONTEXT ( ( #1079, #2606, #2385 ) ) REPRESENTATION_CONTEXT ( 'NONE', 'WORKASPACE' ) );
#2155 = PRESENTATION_STYLE_ASSIGNMENT (( #1303 ) ) ;
#2156 = PRESENTATION_LAYER_ASSIGNMENT (  '', '', ( #1581 ) ) ;
#2157 =( BOUNDED_SURFACE ( )  B_SPLINE_SURFACE ( 3, 3, ( 
 ( #108, #1248, #1429, #543 ),
 ( #1910, #1658, #328, #1077 ),
 ( #1939, #2409, #2179, #1953 ),
 ( #2881, #201, #175, #663 ) ),
 .UNSPECIFIED., .F., .F., .F. ) 
 B_SPLINE_SURFACE_WITH_KNOTS ( ( 4, 4 ),
 ( 4, 4 ),
 ( 0.000000000000000000, 1.000000000000000000 ),
 ( 0.000000000000000000, 1.000000000000000000 ),
 .UNSPECIFIED. ) 
 GEOMETRIC_REPRESENTATION_ITEM ( )  RATIONAL_B_SPLINE_SURFACE ( (
 ( 1.000000000000000000, 0.3333333333333277637, 0.3333333333333277637, 1.000000000000000000),
 ( 0.9245018060306369190, 0.3081672686768738290, 0.3081672686768738290, 0.9245018060306369190),
 ( 0.9245018060306369190, 0.3081672686768738290, 0.3081672686768738290, 0.9245018060306369190),
 ( 1.000000000000000000, 0.3333333333333277637, 0.3333333333333277637, 1.000000000000000000) ) ) 
 REPRESENTATION_ITEM ( '' )  SURFACE ( )  );
#2158 = ORIENTED_EDGE ( 'NONE', *, *, #2440, .T. ) ;
#2159 = MECHANICAL_DESIGN_GEOMETRIC_PRESENTATION_REPRESENTATION (  '', ( #1775 ), #1682 ) ;
#2160 = UNCERTAINTY_MEASURE_WITH_UNIT (LENGTH_MEASURE( 1.000000000000000082E-05 ), #1687, 'distance_accuracy_value', 'NONE');
#2161 = COLOUR_RGB ( '',0.2862745098039215508, 0.2862745098039215508, 0.2862745098039215508 ) ;
#2162 = FILL_AREA_STYLE_COLOUR ( '', #1957 ) ;
#2163 = FILL_AREA_STYLE_COLOUR ( '', #2571 ) ;
#2164 =( NAMED_UNIT ( * ) SI_UNIT ( $, .STERADIAN. ) SOLID_ANGLE_UNIT ( ) );
#2165 = ADVANCED_FACE ( 'NONE', ( #1150 ), #2370, .T. ) ;
#2166 = DIRECTION ( 'NONE',  ( -1.000000000000000000, 0.000000000000000000, 0.000000000000000000 ) ) ;
#2167 = ORIENTED_EDGE ( 'NONE', *, *, #2459, .F. ) ;
#2168 =( NAMED_UNIT ( * ) PLANE_ANGLE_UNIT ( ) SI_UNIT ( $, .RADIAN. ) );
#2169 = CARTESIAN_POINT ( 'NONE',  ( -2.286808180023702786, -2.295620638476868258, 0.000000000000000000 ) ) ;
#2170 = FACE_OUTER_BOUND ( 'NONE', #785, .T. ) ;
#2171 = SURFACE_SIDE_STYLE ('',( #858 ) ) ;
#2172 =( LENGTH_UNIT ( ) NAMED_UNIT ( * ) SI_UNIT ( .MILLI., .METRE. ) );
#2173 = CONTEXT_DEPENDENT_SHAPE_REPRESENTATION ( #334, #2534 ) ;
#2174 = CARTESIAN_POINT ( 'NONE',  ( 2.597735026918962742, 2.674165146386241698, 0.01869509254831647899 ) ) ;
#2175 = DIRECTION ( 'NONE',  ( 0.000000000000000000, -0.000000000000000000, 1.000000000000000000 ) ) ;
#2176 = EDGE_CURVE ( 'NONE', #409, #2736, #376, .T. ) ;
#2177 = ORIENTED_EDGE ( 'NONE', *, *, #1570, .F. ) ;
#2178 = SURFACE_SIDE_STYLE ('',( #2408 ) ) ;
#2179 = CARTESIAN_POINT ( 'NONE',  ( -2.684659952694486318, -2.586138961347433707, 4.955718880800478843 ) ) ;
#2180 = DIRECTION ( 'NONE',  ( -0.000000000000000000, 1.000000000000000000, 0.000000000000000000 ) ) ;
#2181 = DIRECTION ( 'NONE',  ( 1.000000000000000000, 0.000000000000000000, 0.000000000000000000 ) ) ;
#2182 = SURFACE_SIDE_STYLE ('',( #216 ) ) ;
#2183 = CARTESIAN_POINT ( 'NONE',  ( 2.493018577200452057, -2.791539568547496852, 0.05804035090554852949 ) ) ;
#2184 = CARTESIAN_POINT ( 'NONE',  ( 2.633309800894468644, 2.688839264947465946, 4.904368729000466054 ) ) ;
#2185 = SURFACE_STYLE_USAGE ( .BOTH. , #1072 ) ;
#2186 = AXIS2_PLACEMENT_3D ( 'NONE', #290, #50, #1202 ) ;
#2187 = LINE ( 'NONE', #2812, #2276 ) ;
#2188 = ORIENTED_EDGE ( 'NONE', *, *, #573, .T. ) ;
#2189 = CIRCLE ( 'NONE', #2047, 0.09999999999999982514 ) ;
#2190 = CARTESIAN_POINT ( 'NONE',  ( -2.597735026918961854, 2.697735026918963719, 4.957735026918963506 ) ) ;
#2191 = ADVANCED_FACE ( 'NONE', ( #2333 ), #117, .T. ) ;
#2192 = MECHANICAL_DESIGN_GEOMETRIC_PRESENTATION_REPRESENTATION (  '', ( #560 ), #2283 ) ;
#2193 = LINE ( 'NONE', #1966, #1947 ) ;
#2194 = DIRECTION ( 'NONE',  ( 0.000000000000000000, 0.000000000000000000, 1.000000000000000000 ) ) ;
#2195 = SURFACE_STYLE_FILL_AREA ( #2843 ) ;
#2196 = VECTOR ( 'NONE', #993, 1000.000000000000000 ) ;
#2197 = PRODUCT_CONTEXT ( 'NONE', #1664, 'mechanical' ) ;
#2198 = CIRCLE ( 'NONE', #1311, 0.1000000000000002554 ) ;
#2199 = DIRECTION ( 'NONE',  ( 1.000000000000000000, 1.051347561198070012E-16, 0.000000000000000000 ) ) ;
#2200 = CARTESIAN_POINT ( 'NONE',  ( 2.540000000000000480, -2.739999999999999769, 4.900000000000000355 ) ) ;
#2201 = SURFACE_STYLE_FILL_AREA ( #2838 ) ;
#2202 = CARTESIAN_POINT ( 'NONE',  ( 2.574165146386242053, -2.697735026918961498, 4.981304907451684194 ) ) ;
#2203 = PRESENTATION_STYLE_ASSIGNMENT (( #723 ) ) ;
#2204 = DIRECTION ( 'NONE',  ( -0.000000000000000000, -0.000000000000000000, -1.000000000000000000 ) ) ;
#2205 = FILL_AREA_STYLE_COLOUR ( '', #2614 ) ;
#2206 = EDGE_CURVE ( 'NONE', #2584, #2213, #1808, .T. ) ;
#2207 = FILL_AREA_STYLE ('',( #1725 ) ) ;
#2208 = CARTESIAN_POINT ( 'NONE',  ( 1.155000000000000027, 2.100000000000000089, 0.000000000000000000 ) ) ;
#2209 = PRODUCT_CONTEXT ( 'NONE', #178, 'mechanical' ) ;
#2210 = SURFACE_STYLE_FILL_AREA ( #1307 ) ;
#2211 = ADVANCED_FACE ( 'NONE', ( #2116 ), #2104, .T. ) ;
#2212 = CARTESIAN_POINT ( 'NONE',  ( 2.597735026918963186, -2.697735026918962387, 0.04226497308103694533 ) ) ;
#2213 = VERTEX_POINT ( 'NONE', #2132 ) ;
#2214 = CARTESIAN_POINT ( 'NONE',  ( -2.439191034137317526, -2.682030276237608035, -0.05796643830396157326 ) ) ;
#2215 = FILL_AREA_STYLE_COLOUR ( '', #1585 ) ;
#2216 = CARTESIAN_POINT ( 'NONE',  ( -2.640000000000000124, 2.640000000000000124, 0.1000000000000000056 ) ) ;
#2217 = FILL_AREA_STYLE ('',( #920 ) ) ;
#2218 = DIRECTION ( 'NONE',  ( 0.000000000000000000, -0.000000000000000000, -1.000000000000000000 ) ) ;
#2219 = CARTESIAN_POINT ( 'NONE',  ( -2.581959649094453191, 2.593018577200447705, -0.05153956854749772859 ) ) ;
#2220 = SURFACE_STYLE_FILL_AREA ( #1329 ) ;
#2221 = UNCERTAINTY_MEASURE_WITH_UNIT (LENGTH_MEASURE( 1.000000000000000082E-05 ), #1661, 'distance_accuracy_value', 'NONE');
#2222 = ITEM_DEFINED_TRANSFORMATION ( 'NONE', 'NONE', #1529,  #1861 ) ;
#2223 = CARTESIAN_POINT ( 'NONE',  ( 2.573062582892962524, 2.615094501859785314, 0.008969336073860514555 ) ) ;
#2224 = CARTESIAN_POINT ( 'NONE',  ( 2.594088753711016437, -2.752167334400296816, 0.09305100735442488336 ) ) ;
#2225 = ORIENTED_EDGE ( 'NONE', *, *, #1351, .F. ) ;
#2226 = EDGE_CURVE ( 'NONE', #1588, #2736, #2189, .T. ) ;
#2227 = DIRECTION ( 'NONE',  ( 0.4082482904638638499, -0.8164965809277276998, 0.4082482904638588539 ) ) ;
#2228 = FILL_AREA_STYLE ('',( #2891 ) ) ;
#2229 = DIRECTION ( 'NONE',  ( 0.000000000000000000, 0.000000000000000000, 1.000000000000000000 ) ) ;
#2230 = CARTESIAN_POINT ( 'NONE',  ( -2.691539568547498984, -2.681959649094451503, 0.1469814227995495659 ) ) ;
#2231 = VERTEX_POINT ( 'NONE', #1399 ) ;
#2232 = FILL_AREA_STYLE ('',( #2723 ) ) ;
#2233 = PRESENTATION_LAYER_ASSIGNMENT (  '', '', ( #847 ) ) ;
#2234 = DIRECTION ( 'NONE',  ( -0.000000000000000000, 1.000000000000000000, 0.000000000000000000 ) ) ;
#2235 = CIRCLE ( 'NONE', #986, 0.1000000000000000056 ) ;
#2236 = CIRCLE ( 'NONE', #1487, 0.1000000000000000194 ) ;
#2237 = DIRECTION ( 'NONE',  ( 0.000000000000000000, 0.000000000000000000, 1.000000000000000000 ) ) ;
#2238 = SURFACE_STYLE_USAGE ( .BOTH. , #682 ) ;
#2239 = ORIENTED_EDGE ( 'NONE', *, *, #779, .T. ) ;
#2240 = LINE ( 'NONE', #1512, #428 ) ;
#2241 = EDGE_CURVE ( 'NONE', #799, #1156, #2293, .T. ) ;
#2242 = CARTESIAN_POINT ( 'NONE',  ( 2.540000000000000036, -2.684721359549995690, 0.01055728090000872602 ) ) ;
#2243 = STYLED_ITEM ( 'NONE', ( #583 ), #567 ) ;
#2244 = AXIS2_PLACEMENT_3D ( 'NONE', #252, #2757, #2692 ) ;
#2245 = VERTEX_POINT ( 'NONE', #71 ) ;
#2246 = DIRECTION ( 'NONE',  ( -0.5773502691896287287, 0.5773502691896243988, -0.5773502691896240657 ) ) ;
#2247 = EDGE_CURVE ( 'NONE', #547, #1253, #829, .T. ) ;
#2248 = VECTOR ( 'NONE', #918, 1000.000000000000000 ) ;
#2249 = SURFACE_SIDE_STYLE ('',( #724 ) ) ;
#2250 = CARTESIAN_POINT ( 'NONE',  ( -2.597735026918963630, 2.697735026918961942, 0.04226497308103758371 ) ) ;
#2251 = DIRECTION ( 'NONE',  ( 1.000000000000000000, 0.000000000000000000, -0.000000000000000000 ) ) ;
#2252 = UNCERTAINTY_MEASURE_WITH_UNIT (LENGTH_MEASURE( 1.000000000000000082E-05 ), #2870, 'distance_accuracy_value', 'NONE');
#2253 = SURFACE_STYLE_FILL_AREA ( #494 ) ;
#2254 = SURFACE_STYLE_FILL_AREA ( #1406 ) ;
#2255 = ORIENTED_EDGE ( 'NONE', *, *, #66, .F. ) ;
#2256 = SURFACE_STYLE_USAGE ( .BOTH. , #669 ) ;
#2257 = CARTESIAN_POINT ( 'NONE',  ( 2.621304907451683874, -2.697735026918962387, 0.06583485361375765454 ) ) ;
#2258 = EDGE_CURVE ( 'NONE', #538, #949, #2649, .T. ) ;
#2259 = CARTESIAN_POINT ( 'NONE',  ( -1.155000000000000693, -2.100000000000000089, -0.08999999999999999667 ) ) ;
#2260 =( NAMED_UNIT ( * ) SI_UNIT ( $, .STERADIAN. ) SOLID_ANGLE_UNIT ( ) );
#2261 =( NAMED_UNIT ( * ) SI_UNIT ( $, .STERADIAN. ) SOLID_ANGLE_UNIT ( ) );
#2262 = CARTESIAN_POINT ( 'NONE',  ( -2.154999999999999361, 2.100000000000000089, 0.000000000000000000 ) ) ;
#2263 = ORIENTED_EDGE ( 'NONE', *, *, #1608, .T. ) ;
#2264 = FILL_AREA_STYLE_COLOUR ( '', #661 ) ;
#2265 = SURFACE_STYLE_USAGE ( .BOTH. , #2533 ) ;
#2266 = DIRECTION ( 'NONE',  ( 0.000000000000000000, 0.000000000000000000, -1.000000000000000000 ) ) ;
#2267 = SURFACE_STYLE_FILL_AREA ( #2483 ) ;
#2268 = LINE ( 'NONE', #2499, #506 ) ;
#2269 = CARTESIAN_POINT ( 'NONE',  ( -2.540000000000000036, -2.740000000000000213, 0.1000000000000000056 ) ) ;
#2270 = EDGE_CURVE ( 'NONE', #1829, #972, #2326, .T. ) ;
#2271 = UNCERTAINTY_MEASURE_WITH_UNIT (LENGTH_MEASURE( 1.000000000000000082E-05 ), #575, 'distance_accuracy_value', 'NONE');
#2272 =( GEOMETRIC_REPRESENTATION_CONTEXT ( 3 ) GLOBAL_UNCERTAINTY_ASSIGNED_CONTEXT ( ( #2252 ) ) GLOBAL_UNIT_ASSIGNED_CONTEXT ( ( #2870, #388, #2842 ) ) REPRESENTATION_CONTEXT ( 'NONE', 'WORKASPACE' ) );
#2273 = CIRCLE ( 'NONE', #1855, 0.09999999999999982514 ) ;
#2274 = LINE ( 'NONE', #2063, #132 ) ;
#2275 = SURFACE_STYLE_FILL_AREA ( #265 ) ;
#2276 = VECTOR ( 'NONE', #585, 1000.000000000000000 ) ;
#2277 = AXIS2_PLACEMENT_3D ( 'NONE', #1176, #1642, #2746 ) ;
#2278 = EDGE_CURVE ( 'NONE', #308, #2895, #1046, .T. ) ;
#2279 = LINE ( 'NONE', #1187, #2055 ) ;
#2280 = ORIENTED_EDGE ( 'NONE', *, *, #588, .F. ) ;
#2281 = DIRECTION ( 'NONE',  ( 1.000000000000000000, 0.000000000000000000, 0.000000000000000000 ) ) ;
#2282 = PRESENTATION_LAYER_ASSIGNMENT (  '', '', ( #2328 ) ) ;
#2283 =( GEOMETRIC_REPRESENTATION_CONTEXT ( 3 ) GLOBAL_UNCERTAINTY_ASSIGNED_CONTEXT ( ( #468 ) ) GLOBAL_UNIT_ASSIGNED_CONTEXT ( ( #164, #1067, #1319 ) ) REPRESENTATION_CONTEXT ( 'NONE', 'WORKASPACE' ) );
#2284 = PRESENTATION_STYLE_ASSIGNMENT (( #1376 ) ) ;
#2285 = AXIS2_PLACEMENT_3D ( 'NONE', #93, #728, #1358 ) ;
#2286 = AXIS2_PLACEMENT_3D ( 'NONE', #2808, #362, #2865 ) ;
#2287 = AXIS2_PLACEMENT_3D ( 'NONE', #1942, #1068, #2181 ) ;
#2288 = PRESENTATION_STYLE_ASSIGNMENT (( #2327 ) ) ;
#2289 = CARTESIAN_POINT ( 'NONE',  ( -2.697966438303960768, 2.682030276237605815, 0.2008089658626817653 ) ) ;
#2290 = AXIS2_PLACEMENT_3D ( 'NONE', #664, #1537, #2438 ) ;
#2291 = FACE_OUTER_BOUND ( 'NONE', #1507, .T. ) ;
#2292 = VECTOR ( 'NONE', #1326, 1000.000000000000000 ) ;
#2293 = LINE ( 'NONE', #295, #1347 ) ;
#2294 = STYLED_ITEM ( 'NONE', ( #806 ), #2731 ) ;
#2295 = ORIENTED_EDGE ( 'NONE', *, *, #2841, .F. ) ;
#2296 = SURFACE_SIDE_STYLE ('',( #1402 ) ) ;
#2297 = PLANE ( 'NONE',  #2703 ) ;
#2298 = ADVANCED_FACE ( 'NONE', ( #1262 ), #1718, .T. ) ;
#2299 = SURFACE_SIDE_STYLE ('',( #2254 ) ) ;
#2300 =( NAMED_UNIT ( * ) SI_UNIT ( $, .STERADIAN. ) SOLID_ANGLE_UNIT ( ) );
#2301 = ORIENTED_EDGE ( 'NONE', *, *, #2334, .T. ) ;
#2302 =( LENGTH_UNIT ( ) NAMED_UNIT ( * ) SI_UNIT ( .MILLI., .METRE. ) );
#2303 = CARTESIAN_POINT ( 'NONE',  ( 2.515094501859785669, -2.673062582892961725, 4.991030663926140143 ) ) ;
#2304 = FACE_OUTER_BOUND ( 'NONE', #899, .T. ) ;
#2305 = ORIENTED_EDGE ( 'NONE', *, *, #304, .F. ) ;
#2306 = CARTESIAN_POINT ( 'NONE',  ( -2.631030663926139823, 2.615094501859784870, 0.06693741710703857151 ) ) ;
#2307 = ORIENTED_EDGE ( 'NONE', *, *, #1041, .F. ) ;
#2308 = CARTESIAN_POINT ( 'NONE',  ( 2.597735026918962742, 2.697735026918963719, 0.04226497308103644573 ) ) ;
#2309 = UNCERTAINTY_MEASURE_WITH_UNIT (LENGTH_MEASURE( 1.000000000000000082E-05 ), #25, 'distance_accuracy_value', 'NONE');
#2310 = CARTESIAN_POINT ( 'NONE',  ( 2.621304907451684318, -2.697735026918962387, 4.934165146386241041 ) ) ;
#2311 = PLANE ( 'NONE',  #1045 ) ;
#2312 = FILL_AREA_STYLE_COLOUR ( '', #422 ) ;
#2313 = VERTEX_POINT ( 'NONE', #1514 ) ;
#2314 = SURFACE_STYLE_USAGE ( .BOTH. , #1412 ) ;
#2315 = EDGE_CURVE ( 'NONE', #2065, #929, #278, .T. ) ;
#2316 = CARTESIAN_POINT ( 'NONE',  ( -2.540000000000000480, 2.640000000000000124, 0.1000000000000000056 ) ) ;
#2317 = CARTESIAN_POINT ( 'NONE',  ( -2.597735026918963630, 2.697735026918961498, 0.04226497308103781270 ) ) ;
#2318 = ORIENTED_EDGE ( 'NONE', *, *, #1275, .T. ) ;
#2319 = SURFACE_SIDE_STYLE ('',( #1193 ) ) ;
#2320 = ORIENTED_EDGE ( 'NONE', *, *, #911, .F. ) ;
#2321 = SURFACE_STYLE_FILL_AREA ( #1674 ) ;
#2322 = SURFACE_STYLE_FILL_AREA ( #822 ) ;
#2323 = CIRCLE ( 'NONE', #39, 0.1000000000000002554 ) ;
#2324 = ORIENTED_EDGE ( 'NONE', *, *, #1651, .F. ) ;
#2325 = DIRECTION ( 'NONE',  ( 1.000000000000000000, 0.000000000000000000, 0.000000000000000000 ) ) ;
#2326 = CIRCLE ( 'NONE', #2376, 0.09999999999999982514 ) ;
#2327 = SURFACE_STYLE_USAGE ( .BOTH. , #1886 ) ;
#2328 = STYLED_ITEM ( 'NONE', ( #332 ), #2557 ) ;
#2329 = CARTESIAN_POINT ( 'NONE',  ( 1.320000000000000062, 2.640000000000000124, 4.900000000000000355 ) ) ;
#2330 = FACE_OUTER_BOUND ( 'NONE', #462, .T. ) ;
#2331 = PRESENTATION_LAYER_ASSIGNMENT (  '', '', ( #2473 ) ) ;
#2332 = MECHANICAL_DESIGN_GEOMETRIC_PRESENTATION_REPRESENTATION (  '', ( #1403 ), #2621 ) ;
#2333 = FACE_OUTER_BOUND ( 'NONE', #2050, .T. ) ;
#2334 = EDGE_CURVE ( 'NONE', #1061, #1588, #653, .T. ) ;
#2335 = MECHANICAL_DESIGN_GEOMETRIC_PRESENTATION_REPRESENTATION (  '', ( #1629 ), #2154 ) ;
#2336 = ORIENTED_EDGE ( 'NONE', *, *, #1275, .F. ) ;
#2337 = CARTESIAN_POINT ( 'NONE',  ( 2.597735026918964074, -2.697735026918961054, 4.957735026918964394 ) ) ;
#2338 = STYLED_ITEM ( 'NONE', ( #313 ), #2771 ) ;
#2339 =( NAMED_UNIT ( * ) SI_UNIT ( $, .STERADIAN. ) SOLID_ANGLE_UNIT ( ) );
#2340 = VERTEX_POINT ( 'NONE', #867 ) ;
#2341 = CARTESIAN_POINT ( 'NONE',  ( -2.588839264947466301, 2.733309800894468289, 4.904368729000467830 ) ) ;
#2342 =( NAMED_UNIT ( * ) SI_UNIT ( $, .STERADIAN. ) SOLID_ANGLE_UNIT ( ) );
#2343 = FILL_AREA_STYLE ('',( #2809 ) ) ;
#2344 = PRESENTATION_STYLE_ASSIGNMENT (( #1889 ) ) ;
#2345 = ORIENTED_EDGE ( 'NONE', *, *, #259, .F. ) ;
#2346 = EDGE_CURVE ( 'NONE', #2736, #995, #2187, .T. ) ;
#2347 = FILL_AREA_STYLE ('',( #1458 ) ) ;
#2348 = ORIENTED_EDGE ( 'NONE', *, *, #1880, .F. ) ;
#2349 = SHAPE_REPRESENTATION_RELATIONSHIP ( 'NONE' , 'NONE' ,  #566, #2548 ) ;
#2350 = LINE ( 'NONE', #360, #2530 ) ;
#2351 = CARTESIAN_POINT ( 'NONE',  ( 2.540000000000000036, -1.370000000000000107, 5.000000000000000888 ) ) ;
#2352 = UNCERTAINTY_MEASURE_WITH_UNIT (LENGTH_MEASURE( 1.000000000000000082E-05 ), #1628, 'distance_accuracy_value', 'NONE');
#2353 = PRODUCT ( 'Body', 'Body', '', ( #887 ) ) ;
#2354 = CARTESIAN_POINT ( 'NONE',  ( 2.546948992645574616, 2.752167334400300369, 4.954088753711016757 ) ) ;
#2355 = FILL_AREA_STYLE ('',( #2163 ) ) ;
#2356 =( NAMED_UNIT ( * ) PLANE_ANGLE_UNIT ( ) SI_UNIT ( $, .RADIAN. ) );
#2357 = DIRECTION ( 'NONE',  ( 0.4082482904638640164, -0.4082482904638600196, -0.8164965809277270337 ) ) ;
#2358 =( REPRESENTATION_RELATIONSHIP ('NONE','NONE', #2464, #885 ) REPRESENTATION_RELATIONSHIP_WITH_TRANSFORMATION ( #2610 )SHAPE_REPRESENTATION_RELATIONSHIP( ) );
#2359 = VERTEX_POINT ( 'NONE', #1059 ) ;
#2360 = DIRECTION ( 'NONE',  ( -0.5773502691896287287, -0.5773502691896242878, 0.5773502691896242878 ) ) ;
#2361 = CARTESIAN_POINT ( 'NONE',  ( 2.540000000000000036, 2.684721359549995245, 4.989442719099992374 ) ) ;
#2362 = FILL_AREA_STYLE_COLOUR ( '', #771 ) ;
#2363 = EDGE_CURVE ( 'NONE', #230, #977, #1743, .T. ) ;
#2364 = FILL_AREA_STYLE_COLOUR ( '', #565 ) ;
#2365 = LINE ( 'NONE', #637, #86 ) ;
#2366 = ORIENTED_EDGE ( 'NONE', *, *, #1382, .T. ) ;
#2367 = SURFACE_STYLE_USAGE ( .BOTH. , #1475 ) ;
#2368 = STYLED_ITEM ( 'NONE', ( #2110 ), #876 ) ;
#2369 = EDGE_CURVE ( 'NONE', #2087, #2313, #2235, .T. ) ;
#2370 =( BOUNDED_SURFACE ( )  B_SPLINE_SURFACE ( 3, 3, ( 
 ( #2250, #249, #1327, #2724 ),
 ( #438, #2025, #24, #490 ),
 ( #709, #2484, #2219, #213 ),
 ( #1118, #1427, #1862, #2306 ) ),
 .UNSPECIFIED., .F., .F., .T. ) 
 B_SPLINE_SURFACE_WITH_KNOTS ( ( 4, 4 ),
 ( 4, 4 ),
 ( 0.000000000000000000, 1.000000000000000000 ),
 ( 0.000000000000000000, 1.000000000000000000 ),
 .UNSPECIFIED. ) 
 GEOMETRIC_REPRESENTATION_ITEM ( )  RATIONAL_B_SPLINE_SURFACE ( (
 ( 1.000000000000000000, 0.3333333333333302617, 0.3333333333333302617, 1.000000000000000000),
 ( 0.9245018060306371410, 0.3081672686768762159, 0.3081672686768762159, 0.9245018060306371410),
 ( 0.9245018060306371410, 0.3081672686768762159, 0.3081672686768762159, 0.9245018060306371410),
 ( 1.000000000000000000, 0.3333333333333302617, 0.3333333333333302617, 1.000000000000000000) ) ) 
 REPRESENTATION_ITEM ( '' )  SURFACE ( )  );
#2371 = COLOUR_RGB ( '',0.2862745098039215508, 0.2862745098039215508, 0.2862745098039215508 ) ;
#2372 = AXIS2_PLACEMENT_3D ( 'NONE', #1064, #1723, #1509 ) ;
#2373 = SURFACE_SIDE_STYLE ('',( #1281 ) ) ;
#2374 =( NAMED_UNIT ( * ) PLANE_ANGLE_UNIT ( ) SI_UNIT ( $, .RADIAN. ) );
#2375 = FACE_OUTER_BOUND ( 'NONE', #2381, .T. ) ;
#2376 = AXIS2_PLACEMENT_3D ( 'NONE', #1963, #642, #2617 ) ;
#2377 = MECHANICAL_DESIGN_GEOMETRIC_PRESENTATION_REPRESENTATION (  '', ( #804 ), #1128 ) ;
#2378 = CARTESIAN_POINT ( 'NONE',  ( 2.540000000000000036, -2.640000000000000124, 0.1000000000000000056 ) ) ;
#2379 = STYLED_ITEM ( 'NONE', ( #2447 ), #2495 ) ;
#2380 = COLOUR_RGB ( '',0.8313725490196077761, 0.8313725490196077761, 0.8313725490196077761 ) ;
#2381 = EDGE_LOOP ( 'NONE', ( #2138, #1206, #1882, #2538, #1127, #987 ) ) ;
#2382 = PRESENTATION_STYLE_ASSIGNMENT (( #410 ) ) ;
#2383 =( GEOMETRIC_REPRESENTATION_CONTEXT ( 3 ) GLOBAL_UNCERTAINTY_ASSIGNED_CONTEXT ( ( #528 ) ) GLOBAL_UNIT_ASSIGNED_CONTEXT ( ( #2681, #2412, #2797 ) ) REPRESENTATION_CONTEXT ( 'NONE', 'WORKASPACE' ) );
#2384 = CARTESIAN_POINT ( 'NONE',  ( 2.145000000000000018, 1.050000000000000044, -0.08999999999999999667 ) ) ;
#2385 =( NAMED_UNIT ( * ) SI_UNIT ( $, .STERADIAN. ) SOLID_ANGLE_UNIT ( ) );
#2386 =( GEOMETRIC_REPRESENTATION_CONTEXT ( 3 ) GLOBAL_UNCERTAINTY_ASSIGNED_CONTEXT ( ( #2041 ) ) GLOBAL_UNIT_ASSIGNED_CONTEXT ( ( #2779, #1623, #114 ) ) REPRESENTATION_CONTEXT ( 'NONE', 'WORKASPACE' ) );
#2387 = APPLICATION_PROTOCOL_DEFINITION ( 'draft international standard', 'automotive_design', 1998, #2824 ) ;
#2388 =( LENGTH_UNIT ( ) NAMED_UNIT ( * ) SI_UNIT ( .MILLI., .METRE. ) );
#2389 = AXIS2_PLACEMENT_3D ( 'NONE', #730, #951, #1389 ) ;
#2390 = UNCERTAINTY_MEASURE_WITH_UNIT (LENGTH_MEASURE( 1.000000000000000082E-05 ), #2864, 'distance_accuracy_value', 'NONE');
#2391 = ADVANCED_FACE ( 'NONE', ( #855 ), #2148, .T. ) ;
#2392 =( BOUNDED_SURFACE ( )  B_SPLINE_SURFACE ( 3, 3, ( 
 ( #1296, #455, #445, #2212 ),
 ( #863, #2224, #1143, #1332 ),
 ( #2017, #2885, #2183, #890 ),
 ( #1345, #1767, #2666, #2444 ) ),
 .UNSPECIFIED., .F., .F., .F. ) 
 B_SPLINE_SURFACE_WITH_KNOTS ( ( 4, 4 ),
 ( 4, 4 ),
 ( 0.000000000000000000, 1.000000000000000000 ),
 ( 0.000000000000000000, 1.000000000000000000 ),
 .UNSPECIFIED. ) 
 GEOMETRIC_REPRESENTATION_ITEM ( )  RATIONAL_B_SPLINE_SURFACE ( (
 ( 1.000000000000000000, 0.3333333333333357573, 0.3333333333333357573, 1.000000000000000000),
 ( 0.9245018060306376961, 0.3081672686768814895, 0.3081672686768814895, 0.9245018060306376961),
 ( 0.9245018060306376961, 0.3081672686768814895, 0.3081672686768814895, 0.9245018060306376961),
 ( 1.000000000000000000, 0.3333333333333357573, 0.3333333333333357573, 1.000000000000000000) ) ) 
 REPRESENTATION_ITEM ( '' )  SURFACE ( )  );
#2393 = MECHANICAL_DESIGN_GEOMETRIC_PRESENTATION_REPRESENTATION (  '', ( #722 ), #953 ) ;
#2394 = CARTESIAN_POINT ( 'NONE',  ( 1.320000000000000062, 2.640000000000000124, 5.000000000000000888 ) ) ;
#2395 = EDGE_LOOP ( 'NONE', ( #667, #2738, #72, #85 ) ) ;
#2396 =( LENGTH_UNIT ( ) NAMED_UNIT ( * ) SI_UNIT ( .MILLI., .METRE. ) );
#2397 = CARTESIAN_POINT ( 'NONE',  ( -2.540000000000000036, 2.640000000000000124, 4.900000000000000355 ) ) ;
#2398 = CARTESIAN_POINT ( 'NONE',  ( 0.000000000000000000, 0.000000000000000000, 0.1000000000000000056 ) ) ;
#2399 = FACE_OUTER_BOUND ( 'NONE', #2673, .T. ) ;
#2400 = CARTESIAN_POINT ( 'NONE',  ( -1.155000000000000915, -2.100000000000000089, 0.000000000000000000 ) ) ;
#2401 = ORIENTED_EDGE ( 'NONE', *, *, #2787, .F. ) ;
#2402 = PRESENTATION_STYLE_ASSIGNMENT (( #2127 ) ) ;
#2403 = EDGE_CURVE ( 'NONE', #1871, #308, #271, .T. ) ;
#2404 = DIRECTION ( 'NONE',  ( 1.000000000000000000, 0.000000000000000000, 0.000000000000000000 ) ) ;
#2405 =( BOUNDED_SURFACE ( )  B_SPLINE_SURFACE ( 3, 3, ( 
 ( #1685, #2587, #1025, #1901 ),
 ( #2145, #1463, #2354, #1700 ),
 ( #2184, #168, #1071, #2836 ),
 ( #1713, #1945, #2848, #853 ) ),
 .UNSPECIFIED., .F., .F., .T. ) 
 B_SPLINE_SURFACE_WITH_KNOTS ( ( 4, 4 ),
 ( 4, 4 ),
 ( 0.000000000000000000, 1.000000000000000000 ),
 ( 0.000000000000000000, 1.000000000000000000 ),
 .UNSPECIFIED. ) 
 GEOMETRIC_REPRESENTATION_ITEM ( )  RATIONAL_B_SPLINE_SURFACE ( (
 ( 1.000000000000000000, 0.3333333333333324822, 0.3333333333333324822, 1.000000000000000000),
 ( 0.9245018060306359198, 0.3081672686768778258, 0.3081672686768778258, 0.9245018060306359198),
 ( 0.9245018060306359198, 0.3081672686768778258, 0.3081672686768778258, 0.9245018060306359198),
 ( 1.000000000000000000, 0.3333333333333324822, 0.3333333333333324822, 1.000000000000000000) ) ) 
 REPRESENTATION_ITEM ( '' )  SURFACE ( )  );
#2406 = CARTESIAN_POINT ( 'NONE',  ( 1.905000000000000027, -2.089999999999999858, -0.08999999999999999667 ) ) ;
#2407 = VERTEX_POINT ( 'NONE', #2216 ) ;
#2408 = SURFACE_STYLE_FILL_AREA ( #1485 ) ;
#2409 = CARTESIAN_POINT ( 'NONE',  ( -2.595718880800482964, -2.586138961347431486, 5.044659952694484417 ) ) ;
#2410 = PLANE ( 'NONE',  #852 ) ;
#2411 = FILL_AREA_STYLE ('',( #1511 ) ) ;
#2412 =( NAMED_UNIT ( * ) PLANE_ANGLE_UNIT ( ) SI_UNIT ( $, .RADIAN. ) );
#2413 = PRESENTATION_STYLE_ASSIGNMENT (( #2002 ) ) ;
#2414 = PRODUCT ( 'XAL5050-822MEC', 'XAL5050-822MEC', '', ( #2209 ) ) ;
#2415 = PRESENTATION_LAYER_ASSIGNMENT (  '', '', ( #981 ) ) ;
#2416 = AXIS2_PLACEMENT_3D ( 'NONE', #253, #1155, #2029 ) ;
#2417 = CARTESIAN_POINT ( 'NONE',  ( -2.145000000000000018, -2.090000000000000302, -0.09999999999999999167 ) ) ;
#2418 = VERTEX_POINT ( 'NONE', #897 ) ;
#2419 = AXIS2_PLACEMENT_3D ( 'NONE', #2781, #2073, #786 ) ;
#2420 = CARTESIAN_POINT ( 'NONE',  ( -2.486138961347434506, 2.695718880800482165, 5.044659952694482641 ) ) ;
#2421 = COLOUR_RGB ( '',0.8313725490196077761, 0.8313725490196077761, 0.8313725490196077761 ) ;
#2422 = EDGE_CURVE ( 'NONE', #995, #1646, #2683, .T. ) ;
#2423 = CARTESIAN_POINT ( 'NONE',  ( 2.597735026918962742, -2.697735026918962387, 0.04226497308103718126 ) ) ;
#2424 = CARTESIAN_POINT ( 'NONE',  ( -2.286808180023702786, -2.295620638476868258, 0.000000000000000000 ) ) ;
#2425 = DIRECTION ( 'NONE',  ( 1.000000000000000000, 4.336808689942025625E-15, 0.000000000000000000 ) ) ;
#2426 = PRESENTATION_LAYER_ASSIGNMENT (  '', '', ( #1527 ) ) ;
#2427 =( GEOMETRIC_REPRESENTATION_CONTEXT ( 3 ) GLOBAL_UNCERTAINTY_ASSIGNED_CONTEXT ( ( #670 ) ) GLOBAL_UNIT_ASSIGNED_CONTEXT ( ( #143, #381, #2342 ) ) REPRESENTATION_CONTEXT ( 'NONE', 'WORKASPACE' ) );
#2428 =( LENGTH_UNIT ( ) NAMED_UNIT ( * ) SI_UNIT ( .MILLI., .METRE. ) );
#2429 = VECTOR ( 'NONE', #2777, 1000.000000000000000 ) ;
#2430 = STYLED_ITEM ( 'NONE', ( #1501 ), #341 ) ;
#2431 = VERTEX_POINT ( 'NONE', #671 ) ;
#2432 = COLOUR_RGB ( '',0.8313725490196077761, 0.8313725490196077761, 0.8313725490196077761 ) ;
#2433 = CARTESIAN_POINT ( 'NONE',  ( -2.597735026918962298, -2.697735026918962831, 0.04226497308103753514 ) ) ;
#2434 = FACE_OUTER_BOUND ( 'NONE', #2466, .T. ) ;
#2435 = DIRECTION ( 'NONE',  ( 1.000000000000000000, 0.000000000000000000, 0.000000000000000000 ) ) ;
#2436 = EDGE_LOOP ( 'NONE', ( #476, #2791, #19, #2117 ) ) ;
#2437 = CARTESIAN_POINT ( 'NONE',  ( 2.582030276237604838, -2.539191034137318059, -0.05796643830396350228 ) ) ;
#2438 = DIRECTION ( 'NONE',  ( 0.000000000000000000, 1.000000000000000000, 0.000000000000000000 ) ) ;
#2439 = FILL_AREA_STYLE_COLOUR ( '', #2371 ) ;
#2440 = EDGE_CURVE ( 'NONE', #1492, #799, #655, .T. ) ;
#2441 = APPLICATION_PROTOCOL_DEFINITION ( 'draft international standard', 'automotive_design', 1998, #731 ) ;
#2442 =( NAMED_UNIT ( * ) SI_UNIT ( $, .STERADIAN. ) SOLID_ANGLE_UNIT ( ) );
#2443 = PRODUCT ( 'Bar', 'Bar', '', ( #2197 ) ) ;
#2444 = CARTESIAN_POINT ( 'NONE',  ( 2.515094501859785225, -2.673062582892963057, 0.008969336073860311592 ) ) ;
#2445 = VERTEX_POINT ( 'NONE', #933 ) ;
#2446 = DIRECTION ( 'NONE',  ( 2.025954424498460092E-16, -1.000000000000000000, 0.000000000000000000 ) ) ;
#2447 = PRESENTATION_STYLE_ASSIGNMENT (( #1159 ) ) ;
#2448 = SURFACE_STYLE_USAGE ( .BOTH. , #2684 ) ;
#2449 = ORIENTED_EDGE ( 'NONE', *, *, #170, .T. ) ;
#2450 =( NAMED_UNIT ( * ) PLANE_ANGLE_UNIT ( ) SI_UNIT ( $, .RADIAN. ) );
#2451 = DIRECTION ( 'NONE',  ( -1.000000000000000000, -0.000000000000000000, -0.000000000000000000 ) ) ;
#2452 = CARTESIAN_POINT ( 'NONE',  ( -2.128805807962083740, -2.295620638476868258, 0.002000000000000000909 ) ) ;
#2453 = UNCERTAINTY_MEASURE_WITH_UNIT (LENGTH_MEASURE( 1.000000000000000082E-05 ), #2100, 'distance_accuracy_value', 'NONE');
#2454 = FACE_OUTER_BOUND ( 'NONE', #172, .T. ) ;
#2455 = EDGE_CURVE ( 'NONE', #2418, #547, #2494, .T. ) ;
#2456 = CARTESIAN_POINT ( 'NONE',  ( 2.439191034137318859, 2.797966438303962189, 0.05796972376239362817 ) ) ;
#2457 = ORIENTED_EDGE ( 'NONE', *, *, #1632, .T. ) ;
#2458 =( NAMED_UNIT ( * ) PLANE_ANGLE_UNIT ( ) SI_UNIT ( $, .RADIAN. ) );
#2459 = EDGE_CURVE ( 'NONE', #1646, #2407, #687, .T. ) ;
#2460 = CARTESIAN_POINT ( 'NONE',  ( -2.486138961347436727, -2.784659952694483298, 0.04428111919951915193 ) ) ;
#2461 = CARTESIAN_POINT ( 'NONE',  ( 1.159142135623731473, -2.095857864376267976, -0.1000000000000002554 ) ) ;
#2462 =( NAMED_UNIT ( * ) SI_UNIT ( $, .STERADIAN. ) SOLID_ANGLE_UNIT ( ) );
#2463 = CARTESIAN_POINT ( 'NONE',  ( 1.164999999999999813, 2.089999999999999414, -0.09999999999999999167 ) ) ;
#2464 = SHAPE_REPRESENTATION ( 'XAL5050-822MEC', ( #2902, #1529, #991, #518 ), #145 ) ;
#2465 = MECHANICAL_DESIGN_GEOMETRIC_PRESENTATION_REPRESENTATION (  '', ( #759 ), #1481 ) ;
#2466 = EDGE_LOOP ( 'NONE', ( #1630, #2686, #1606, #2636 ) ) ;
#2467 = VECTOR ( 'NONE', #195, 1000.000000000000000 ) ;
#2468 = MECHANICAL_DESIGN_GEOMETRIC_PRESENTATION_REPRESENTATION (  '', ( #1343 ), #1720 ) ;
#2469 = CIRCLE ( 'NONE', #2277, 0.09999999999999982514 ) ;
#2470 = DIRECTION ( 'NONE',  ( 2.312964634635739999E-16, -1.000000000000000000, -0.000000000000000000 ) ) ;
#2471 = CARTESIAN_POINT ( 'NONE',  ( 2.145000000000000018, 2.089999999999999414, -0.09999999999999999167 ) ) ;
#2472 = MECHANICAL_DESIGN_GEOMETRIC_PRESENTATION_REPRESENTATION (  '', ( #1722 ), #705 ) ;
#2473 = STYLED_ITEM ( 'NONE', ( #1102 ), #219 ) ;
#2474 = ORIENTED_EDGE ( 'NONE', *, *, #2369, .F. ) ;
#2475 = PRODUCT_DEFINITION ( 'UNKNOWN', '', #47, #589 ) ;
#2476 = VECTOR ( 'NONE', #1603, 1000.000000000000000 ) ;
#2477 = FILL_AREA_STYLE ('',( #2264 ) ) ;
#2478 = EDGE_CURVE ( 'NONE', #1156, #2313, #1574, .T. ) ;
#2479 = PRESENTATION_LAYER_ASSIGNMENT (  '', '', ( #569 ) ) ;
#2480 = DIRECTION ( 'NONE',  ( 0.000000000000000000, 0.000000000000000000, -1.000000000000000000 ) ) ;
#2481 =( GEOMETRIC_REPRESENTATION_CONTEXT ( 3 ) GLOBAL_UNCERTAINTY_ASSIGNED_CONTEXT ( ( #943 ) ) GLOBAL_UNIT_ASSIGNED_CONTEXT ( ( #1090, #1667, #1261 ) ) REPRESENTATION_CONTEXT ( 'NONE', 'WORKASPACE' ) );
#2482 = CARTESIAN_POINT ( 'NONE',  ( 2.597735026918962742, -2.697735026918961942, 4.957735026918964394 ) ) ;
#2483 = FILL_AREA_STYLE ('',( #923 ) ) ;
#2484 = CARTESIAN_POINT ( 'NONE',  ( -2.493018577200450281, 2.681959649094451503, -0.05153956854749897065 ) ) ;
#2485 = DIRECTION ( 'NONE',  ( -1.000000000000000000, 0.000000000000000000, 0.000000000000000000 ) ) ;
#2486 = CARTESIAN_POINT ( 'NONE',  ( 2.597735026918962742, -2.697735026918961942, 4.957735026918964394 ) ) ;
#2487 = UNCERTAINTY_MEASURE_WITH_UNIT (LENGTH_MEASURE( 1.000000000000000082E-05 ), #418, 'distance_accuracy_value', 'NONE');
#2488 = VECTOR ( 'NONE', #2670, 1000.000000000000000 ) ;
#2489 = CARTESIAN_POINT ( 'NONE',  ( -2.539999999999999591, -2.640000000000000124, 5.000000000000000888 ) ) ;
#2490 = SURFACE_SIDE_STYLE ('',( #2275 ) ) ;
#2491 = CARTESIAN_POINT ( 'NONE',  ( -2.154999999999999805, 2.100000000000000089, -0.08999999999999999667 ) ) ;
#2492 = ORIENTED_EDGE ( 'NONE', *, *, #1130, .F. ) ;
#2493 =( NAMED_UNIT ( * ) PLANE_ANGLE_UNIT ( ) SI_UNIT ( $, .RADIAN. ) );
#2494 = LINE ( 'NONE', #703, #2805 ) ;
#2495 = ADVANCED_FACE ( 'NONE', ( #1774 ), #243, .T. ) ;
#2496 = CARTESIAN_POINT ( 'NONE',  ( 2.597735026918963186, -2.697735026918962387, 4.957735026918964394 ) ) ;
#2497 = EDGE_LOOP ( 'NONE', ( #1595, #1834, #1220, #486, #905 ) ) ;
#2498 = CARTESIAN_POINT ( 'NONE',  ( 2.597735026918962742, -2.697735026918962387, 0.04226497308103650818 ) ) ;
#2499 = CARTESIAN_POINT ( 'NONE',  ( 1.155000000000000027, 2.100000000000000089, -0.08999999999999999667 ) ) ;
#2500 = SURFACE_SIDE_STYLE ('',( #2725 ) ) ;
#2501 =( NAMED_UNIT ( * ) SI_UNIT ( $, .STERADIAN. ) SOLID_ANGLE_UNIT ( ) );
#2502 = DIRECTION ( 'NONE',  ( 1.000000000000000000, 8.673617379884051249E-15, 0.000000000000000000 ) ) ;
#2503 = DIRECTION ( 'NONE',  ( 1.000000000000000000, 0.000000000000000000, -0.000000000000000000 ) ) ;
#2504 = CARTESIAN_POINT ( 'NONE',  ( -2.539999999999999591, -2.640000000000000124, 0.000000000000000000 ) ) ;
#2505 = ORIENTED_EDGE ( 'NONE', *, *, #398, .T. ) ;
#2506 = CARTESIAN_POINT ( 'NONE',  ( -1.155000000000000027, -2.100000000000000089, -0.08999999999999999667 ) ) ;
#2507 = SURFACE_STYLE_FILL_AREA ( #99 ) ;
#2508 = CARTESIAN_POINT ( 'NONE',  ( 2.581959649094450970, -2.791539568547499073, 4.853018577200451489 ) ) ;
#2509 = FACE_OUTER_BOUND ( 'NONE', #2714, .T. ) ;
#2510 = ORIENTED_EDGE ( 'NONE', *, *, #1455, .T. ) ;
#2511 = CARTESIAN_POINT ( 'NONE',  ( 2.154999999999999805, 2.100000000000000089, -0.08999999999999999667 ) ) ;
#2512 = EDGE_CURVE ( 'NONE', #423, #1359, #1132, .T. ) ;
#2513 =( GEOMETRIC_REPRESENTATION_CONTEXT ( 3 ) GLOBAL_UNCERTAINTY_ASSIGNED_CONTEXT ( ( #2076 ) ) GLOBAL_UNIT_ASSIGNED_CONTEXT ( ( #564, #1920, #2845 ) ) REPRESENTATION_CONTEXT ( 'NONE', 'WORKASPACE' ) );
#2514 = DIRECTION ( 'NONE',  ( -2.025954424498460092E-16, 1.000000000000000000, 0.000000000000000000 ) ) ;
#2515 = ORIENTED_EDGE ( 'NONE', *, *, #573, .F. ) ;
#2516 = STYLED_ITEM ( 'NONE', ( #1990 ), #1675 ) ;
#2517 = CARTESIAN_POINT ( 'NONE',  ( 2.691539568547498540, 2.681959649094451059, 0.1469814227995490108 ) ) ;
#2519 = EDGE_CURVE ( 'NONE', #2769, #1588, #42, .T. ) ;
#2518 = APPLICATION_CONTEXT ( 'automotive_design' ) ;
#2520 = UNCERTAINTY_MEASURE_WITH_UNIT (LENGTH_MEASURE( 1.000000000000000082E-05 ), #1375, 'distance_accuracy_value', 'NONE');
#2521 = CIRCLE ( 'NONE', #2372, 0.09999999999999982514 ) ;
#2522 = FACE_OUTER_BOUND ( 'NONE', #1696, .T. ) ;
#2523 =( NAMED_UNIT ( * ) PLANE_ANGLE_UNIT ( ) SI_UNIT ( $, .RADIAN. ) );
#2524 =( GEOMETRIC_REPRESENTATION_CONTEXT ( 3 ) GLOBAL_UNCERTAINTY_ASSIGNED_CONTEXT ( ( #1804 ) ) GLOBAL_UNIT_ASSIGNED_CONTEXT ( ( #1456, #553, #1846 ) ) REPRESENTATION_CONTEXT ( 'NONE', 'WORKASPACE' ) );
#2525 = MECHANICAL_DESIGN_GEOMETRIC_PRESENTATION_REPRESENTATION (  '', ( #893 ), #1952 ) ;
#2526 = SURFACE_STYLE_USAGE ( .BOTH. , #2760 ) ;
#2527 = ORIENTED_EDGE ( 'NONE', *, *, #2206, .T. ) ;
#2528 = VECTOR ( 'NONE', #1788, 1000.000000000000000 ) ;
#2529 = FILL_AREA_STYLE ('',( #1615 ) ) ;
#2530 = VECTOR ( 'NONE', #1604, 1000.000000000000000 ) ;
#2531 = VECTOR ( 'NONE', #1472, 1000.000000000000000 ) ;
#2532 = AXIS2_PLACEMENT_3D ( 'NONE', #183, #613, #582 ) ;
#2533 = SURFACE_SIDE_STYLE ('',( #2507 ) ) ;
#2534 = PRODUCT_DEFINITION_SHAPE ( 'NONE', 'NONE',  #2903 ) ;
#2535 =( GEOMETRIC_REPRESENTATION_CONTEXT ( 3 ) GLOBAL_UNCERTAINTY_ASSIGNED_CONTEXT ( ( #915 ) ) GLOBAL_UNIT_ASSIGNED_CONTEXT ( ( #2784, #789, #2339 ) ) REPRESENTATION_CONTEXT ( 'NONE', 'WORKASPACE' ) );
#2536 = FACE_OUTER_BOUND ( 'NONE', #1842, .T. ) ;
#2537 = MECHANICAL_DESIGN_GEOMETRIC_PRESENTATION_REPRESENTATION (  '', ( #766 ), #238 ) ;
#2538 = ORIENTED_EDGE ( 'NONE', *, *, #984, .T. ) ;
#2539 =( NAMED_UNIT ( * ) PLANE_ANGLE_UNIT ( ) SI_UNIT ( $, .RADIAN. ) );
#2540 = ORIENTED_EDGE ( 'NONE', *, *, #721, .T. ) ;
#2541 = CARTESIAN_POINT ( 'NONE',  ( 2.631030663926139379, -2.673062582892961725, 4.875094501859785545 ) ) ;
#2542 =( NAMED_UNIT ( * ) SI_UNIT ( $, .STERADIAN. ) SOLID_ANGLE_UNIT ( ) );
#2543 = EDGE_CURVE ( 'NONE', #2407, #267, #807, .T. ) ;
#2544 = SURFACE_SIDE_STYLE ('',( #2563 ) ) ;
#2545 =( NAMED_UNIT ( * ) PLANE_ANGLE_UNIT ( ) SI_UNIT ( $, .RADIAN. ) );
#2546 = DIRECTION ( 'NONE',  ( -1.000000000000000000, 0.000000000000000000, 0.000000000000000000 ) ) ;
#2547 = UNCERTAINTY_MEASURE_WITH_UNIT (LENGTH_MEASURE( 1.000000000000000082E-05 ), #112, 'distance_accuracy_value', 'NONE');
#2548 = ADVANCED_BREP_SHAPE_REPRESENTATION ( '', ( #1675, #1861 ), #2 ) ;
#2549 = SURFACE_SIDE_STYLE ('',( #272 ) ) ;
#2550 = PRESENTATION_STYLE_ASSIGNMENT (( #309 ) ) ;
#2551 = VERTEX_POINT ( 'NONE', #1229 ) ;
#2552 = CARTESIAN_POINT ( 'NONE',  ( 2.652167334400297616, 2.694088753711015194, 0.09305100735442527193 ) ) ;
#2553 = SURFACE_STYLE_USAGE ( .BOTH. , #1693 ) ;
#2554 = CARTESIAN_POINT ( 'NONE',  ( -2.540000000000000036, 2.740000000000000213, 0.1000000000000000056 ) ) ;
#2555 = VERTEX_POINT ( 'NONE', #1932 ) ;
#2556 =( NAMED_UNIT ( * ) PLANE_ANGLE_UNIT ( ) SI_UNIT ( $, .RADIAN. ) );
#2557 = ADVANCED_FACE ( 'NONE', ( #2585 ), #1769, .T. ) ;
#2558 = SURFACE_STYLE_FILL_AREA ( #1175 ) ;
#2559 = ORIENTED_EDGE ( 'NONE', *, *, #2241, .T. ) ;
#2560 = ORIENTED_EDGE ( 'NONE', *, *, #1690, .F. ) ;
#2561 = CARTESIAN_POINT ( 'NONE',  ( 2.697966438303960768, -2.539191034137317615, 4.942030276237606934 ) ) ;
#2562 = DIRECTION ( 'NONE',  ( 0.000000000000000000, -1.000000000000000000, 0.000000000000000000 ) ) ;
#2563 = SURFACE_STYLE_FILL_AREA ( #370 ) ;
#2564 = CARTESIAN_POINT ( 'NONE',  ( -1.970803435900464695, -2.295620638476868258, 0.000000000000000000 ) ) ;
#2565 = STYLED_ITEM ( 'NONE', ( #1564 ), #1833 ) ;
#2566 = EDGE_LOOP ( 'NONE', ( #2722, #1895, #1415, #1672, #1213 ) ) ;
#2567 = CARTESIAN_POINT ( 'NONE',  ( -2.546948992645575505, -2.752167334400296372, 4.954088753711017645 ) ) ;
#2568 = COLOUR_RGB ( '',0.2862745098039215508, 0.2862745098039215508, 0.2862745098039215508 ) ;
#2569 = AXIS2_PLACEMENT_3D ( 'NONE', #1139, #1821, #2658 ) ;
#2570 = DIRECTION ( 'NONE',  ( 0.5773502691896287287, 0.5773502691896242878, 0.5773502691896242878 ) ) ;
#2571 = COLOUR_RGB ( '',0.2862745098039215508, 0.2862745098039215508, 0.2862745098039215508 ) ;
#2572 = LINE ( 'NONE', #1451, #1626 ) ;
#2573 = CARTESIAN_POINT ( 'NONE',  ( 2.540000000000000036, 2.740000000000000213, 4.900000000000000355 ) ) ;
#2574 = VECTOR ( 'NONE', #1841, 1000.000000000000000 ) ;
#2575 = SURFACE_STYLE_FILL_AREA ( #630 ) ;
#2576 = ORIENTED_EDGE ( 'NONE', *, *, #2082, .F. ) ;
#2577 = CARTESIAN_POINT ( 'NONE',  ( 2.597735026918963630, 2.697735026918962387, 4.957735026918964394 ) ) ;
#2578 = DIRECTION ( 'NONE',  ( 2.312964634635739999E-16, 1.000000000000000000, 0.000000000000000000 ) ) ;
#2579 = ORIENTED_EDGE ( 'NONE', *, *, #1724, .T. ) ;
#2580 = SURFACE_SIDE_STYLE ('',( #2321 ) ) ;
#2581 = STYLED_ITEM ( 'NONE', ( #930 ), #2774 ) ;
#2582 = FACE_OUTER_BOUND ( 'NONE', #2793, .T. ) ;
#2583 = DIRECTION ( 'NONE',  ( 1.000000000000000000, 0.000000000000000000, 0.000000000000000000 ) ) ;
#2584 = VERTEX_POINT ( 'NONE', #825 ) ;
#2585 = FACE_OUTER_BOUND ( 'NONE', #1092, .T. ) ;
#2586 = SURFACE_STYLE_USAGE ( .BOTH. , #610 ) ;
#2587 = CARTESIAN_POINT ( 'NONE',  ( 2.597735026918964074, 2.697735026918962831, 4.957735026918964394 ) ) ;
#2588 = EDGE_CURVE ( 'NONE', #247, #34, #2350, .T. ) ;
#2589 = ORIENTED_EDGE ( 'NONE', *, *, #640, .T. ) ;
#2590 = CARTESIAN_POINT ( 'NONE',  ( -2.597735026918962742, 2.697735026918963719, 4.957735026918963506 ) ) ;
#2591 = EDGE_CURVE ( 'NONE', #2231, #938, #2611, .T. ) ;
#2592 = CARTESIAN_POINT ( 'NONE',  ( 2.597735026918963630, -2.697735026918962387, 4.957735026918963506 ) ) ;
#2593 = DIRECTION ( 'NONE',  ( 0.000000000000000000, 0.000000000000000000, 1.000000000000000000 ) ) ;
#2594 = DIRECTION ( 'NONE',  ( 1.000000000000000000, 0.000000000000000000, 0.000000000000000000 ) ) ;
#2595 = DIRECTION ( 'NONE',  ( -0.5773502691896199579, 0.5773502691896329475, 0.5773502691896242878 ) ) ;
#2596 = ORIENTED_EDGE ( 'NONE', *, *, #1956, .T. ) ;
#2597 = FILL_AREA_STYLE_COLOUR ( '', #140 ) ;
#2598 = DIRECTION ( 'NONE',  ( -1.000000000000000000, -1.051347561198070012E-16, 0.000000000000000000 ) ) ;
#2599 = UNCERTAINTY_MEASURE_WITH_UNIT (LENGTH_MEASURE( 1.000000000000000082E-05 ), #356, 'distance_accuracy_value', 'NONE');
#2600 = CARTESIAN_POINT ( 'NONE',  ( -1.320000000000000062, -2.640000000000000124, 0.1000000000000000056 ) ) ;
#2601 = SURFACE_STYLE_USAGE ( .BOTH. , #1703 ) ;
#2602 = ORIENTED_EDGE ( 'NONE', *, *, #79, .T. ) ;
#2603 = CARTESIAN_POINT ( 'NONE',  ( -2.439191034137318415, 2.797966438303961301, 4.942030276237605158 ) ) ;
#2604 = SURFACE_STYLE_USAGE ( .BOTH. , #1928 ) ;
#2605 = FILL_AREA_STYLE_COLOUR ( '', #1497 ) ;
#2606 =( NAMED_UNIT ( * ) PLANE_ANGLE_UNIT ( ) SI_UNIT ( $, .RADIAN. ) );
#2607 = CARTESIAN_POINT ( 'NONE',  ( -1.655000000000000027, 2.100000000000000089, 0.000000000000000000 ) ) ;
#2608 = ADVANCED_FACE ( 'NONE', ( #1698 ), #375, .T. ) ;
#2609 = ORIENTED_EDGE ( 'NONE', *, *, #914, .F. ) ;
#2610 = ITEM_DEFINED_TRANSFORMATION ( 'NONE', 'NONE', #518,  #1861 ) ;
#2611 = LINE ( 'NONE', #136, #1085 ) ;
#2612 = AXIS2_PLACEMENT_3D ( 'NONE', #1098, #1289, #1967 ) ;
#2613 = CARTESIAN_POINT ( 'NONE',  ( 2.540000000000000036, 2.640000000000000124, 0.000000000000000000 ) ) ;
#2614 = COLOUR_RGB ( '',0.2862745098039215508, 0.2862745098039215508, 0.2862745098039215508 ) ;
#2615 =( GEOMETRIC_REPRESENTATION_CONTEXT ( 3 ) GLOBAL_UNCERTAINTY_ASSIGNED_CONTEXT ( ( #1633 ) ) GLOBAL_UNIT_ASSIGNED_CONTEXT ( ( #1927, #2168, #387 ) ) REPRESENTATION_CONTEXT ( 'NONE', 'WORKASPACE' ) );
#2616 = VECTOR ( 'NONE', #2112, 1000.000000000000000 ) ;
#2617 = DIRECTION ( 'NONE',  ( 1.000000000000000000, 0.000000000000000000, 0.000000000000000000 ) ) ;
#2618 = ORIENTED_EDGE ( 'NONE', *, *, #2027, .F. ) ;
#2619 = MECHANICAL_DESIGN_GEOMETRIC_PRESENTATION_REPRESENTATION (  '', ( #1398 ), #1493 ) ;
#2620 = DIRECTION ( 'NONE',  ( 1.000000000000000000, 0.000000000000000000, 0.000000000000000000 ) ) ;
#2621 =( GEOMETRIC_REPRESENTATION_CONTEXT ( 3 ) GLOBAL_UNCERTAINTY_ASSIGNED_CONTEXT ( ( #1056 ) ) GLOBAL_UNIT_ASSIGNED_CONTEXT ( ( #15, #2493, #1169 ) ) REPRESENTATION_CONTEXT ( 'NONE', 'WORKASPACE' ) );
#2622 = PRESENTATION_LAYER_ASSIGNMENT (  '', '', ( #2430 ) ) ;
#2623 = FILL_AREA_STYLE ('',( #1978 ) ) ;
#2624 = DIRECTION ( 'NONE',  ( -2.312964634635739999E-16, -1.000000000000000000, 0.000000000000000000 ) ) ;
#2625 = ADVANCED_FACE ( 'NONE', ( #1069 ), #2410, .T. ) ;
#2626 =( NAMED_UNIT ( * ) SI_UNIT ( $, .STERADIAN. ) SOLID_ANGLE_UNIT ( ) );
#2627 = DIRECTION ( 'NONE',  ( 1.000000000000000000, 0.000000000000000000, -0.000000000000000000 ) ) ;
#2628 = FILL_AREA_STYLE_COLOUR ( '', #1867 ) ;
#2629 = CARTESIAN_POINT ( 'NONE',  ( -2.539999999999999147, -2.639999999999999680, 0.1000000000000000056 ) ) ;
#2630 = ORIENTED_EDGE ( 'NONE', *, *, #914, .T. ) ;
#2631 = LINE ( 'NONE', #1746, #889 ) ;
#2632 = PRESENTATION_STYLE_ASSIGNMENT (( #1294 ) ) ;
#2633 = FILL_AREA_STYLE ('',( #1997 ) ) ;
#2634 = ADVANCED_FACE ( 'NONE', ( #2399 ), #383, .T. ) ;
#2635 = EDGE_CURVE ( 'NONE', #619, #1871, #454, .T. ) ;
#2636 = ORIENTED_EDGE ( 'NONE', *, *, #2422, .T. ) ;
#2637 = DIRECTION ( 'NONE',  ( 1.000000000000000000, 0.000000000000000000, 0.000000000000000000 ) ) ;
#2638 = CARTESIAN_POINT ( 'NONE',  ( -2.145000000000000462, -1.050000000000000044, -0.09999999999999999167 ) ) ;
#2639 = PRESENTATION_STYLE_ASSIGNMENT (( #1748 ) ) ;
#2640 = MANIFOLD_SOLID_BREP ( 'Imported1', #1858 ) ;
#2641 = DIRECTION ( 'NONE',  ( 0.000000000000000000, 0.000000000000000000, 1.000000000000000000 ) ) ;
#2642 = FILL_AREA_STYLE_COLOUR ( '', #935 ) ;
#2643 = EDGE_LOOP ( 'NONE', ( #1160, #472, #1680, #1844 ) ) ;
#2644 = VECTOR ( 'NONE', #125, 1000.000000000000000 ) ;
#2645 = CIRCLE ( 'NONE', #1613, 0.1000000000000000056 ) ;
#2646 = DIRECTION ( 'NONE',  ( -0.000000000000000000, -0.000000000000000000, 1.000000000000000000 ) ) ;
#2647 = PRESENTATION_STYLE_ASSIGNMENT (( #2256 ) ) ;
#2648 = CIRCLE ( 'NONE', #2800, 0.1000000000000000056 ) ;
#2649 =( BOUNDED_CURVE ( )  B_SPLINE_CURVE ( 3, ( #1735, #1284, #185, #2417 ),
 .UNSPECIFIED., .F., .T. ) 
 B_SPLINE_CURVE_WITH_KNOTS ( ( 4, 4 ),
 ( 0.000000000000000000, 1.570796326794896558 ),
 .UNSPECIFIED. ) 
 CURVE ( )  GEOMETRIC_REPRESENTATION_ITEM ( )  RATIONAL_B_SPLINE_CURVE ( ( 1.000000000000000000, 0.8047378541243649375, 0.8047378541243649375, 1.000000000000000000 ) ) 
 REPRESENTATION_ITEM ( '' )  );
#2650 = CIRCLE ( 'NONE', #1758, 0.09999999999999982514 ) ;
#2651 = VECTOR ( 'NONE', #2880, 1000.000000000000000 ) ;
#2652 = CARTESIAN_POINT ( 'NONE',  ( -1.970803435900464695, -2.295620638476868258, 0.000000000000000000 ) ) ;
#2653 = EDGE_CURVE ( 'NONE', #1061, #2359, #1373, .T. ) ;
#2654 = CARTESIAN_POINT ( 'NONE',  ( 1.655000000000000027, 2.100000000000000089, 0.000000000000000000 ) ) ;
#2655 = AXIS2_PLACEMENT_3D ( 'NONE', #2378, #159, #407 ) ;
#2656 = CIRCLE ( 'NONE', #2850, 0.09999999999999982514 ) ;
#2657 = FACE_OUTER_BOUND ( 'NONE', #1820, .T. ) ;
#2658 = DIRECTION ( 'NONE',  ( 1.000000000000000000, 1.051347561198070012E-16, 0.000000000000000000 ) ) ;
#2659 = AXIS2_PLACEMENT_3D ( 'NONE', #2208, #2180, #1490 ) ;
#2660 = DIRECTION ( 'NONE',  ( 0.000000000000000000, -0.000000000000000000, -1.000000000000000000 ) ) ;
#2661 = DIRECTION ( 'NONE',  ( 0.000000000000000000, 0.000000000000000000, -1.000000000000000000 ) ) ;
#2662 = UNCERTAINTY_MEASURE_WITH_UNIT (LENGTH_MEASURE( 1.000000000000000082E-05 ), #2388, 'distance_accuracy_value', 'NONE');
#2663 = MANIFOLD_SOLID_BREP ( 'Imported2', #1488 ) ;
#2664 = CARTESIAN_POINT ( 'NONE',  ( 2.486138961347435394, 2.695718880800480832, -0.04465995269448375798 ) ) ;
#2665 = PRESENTATION_LAYER_ASSIGNMENT (  '', '', ( #289 ) ) ;
#2666 = CARTESIAN_POINT ( 'NONE',  ( 2.448158727481965169, -2.806934131648605835, 0.07590511045168199522 ) ) ;
#2667 = EDGE_LOOP ( 'NONE', ( #2008, #1374, #433, #211 ) ) ;
#2668 = AXIS2_PLACEMENT_3D ( 'NONE', #152, #788, #2562 ) ;
#2669 = CARTESIAN_POINT ( 'NONE',  ( -2.486138961347435394, -2.695718880800483497, -0.04465995269448196775 ) ) ;
#2670 = DIRECTION ( 'NONE',  ( -2.025954424498460092E-16, 1.000000000000000000, 0.000000000000000000 ) ) ;
#2671 = CARTESIAN_POINT ( 'NONE',  ( 1.655000000000000027, -2.100000000000000089, 0.000000000000000000 ) ) ;
#2672 = CARTESIAN_POINT ( 'NONE',  ( -2.597735026918961410, -2.697735026918962387, 0.04226497308103731310 ) ) ;
#2673 = EDGE_LOOP ( 'NONE', ( #1982, #824, #129, #2899, #584 ) ) ;
#2674 =( NAMED_UNIT ( * ) PLANE_ANGLE_UNIT ( ) SI_UNIT ( $, .RADIAN. ) );
#2675 = PRESENTATION_STYLE_ASSIGNMENT (( #2690 ) ) ;
#2676 = CARTESIAN_POINT ( 'NONE',  ( 2.540000000000000036, 2.639999999999999680, 0.1000000000000000056 ) ) ;
#2677 = CARTESIAN_POINT ( 'NONE',  ( -1.164999999999999369, 1.050000000000000044, -0.09999999999999999167 ) ) ;
#2678 = PRESENTATION_STYLE_ASSIGNMENT (( #848 ) ) ;
#2679 = SURFACE_STYLE_FILL_AREA ( #2411 ) ;
#2680 = EDGE_LOOP ( 'NONE', ( #917, #208, #1013, #496 ) ) ;
#2681 =( LENGTH_UNIT ( ) NAMED_UNIT ( * ) SI_UNIT ( .MILLI., .METRE. ) );
#2682 = CARTESIAN_POINT ( 'NONE',  ( 1.165000000000000702, -2.089999999999999414, -0.09999999999999999167 ) ) ;
#2683 = LINE ( 'NONE', #226, #2052 ) ;
#2684 = SURFACE_SIDE_STYLE ('',( #2720 ) ) ;
#2685 = FILL_AREA_STYLE_COLOUR ( '', #2003 ) ;
#2686 = ORIENTED_EDGE ( 'NONE', *, *, #679, .F. ) ;
#2687 = PLANE ( 'NONE',  #2569 ) ;
#2688 = CARTESIAN_POINT ( 'NONE',  ( -2.540000000000000036, 2.640000000000000124, 0.000000000000000000 ) ) ;
#2689 =( BOUNDED_CURVE ( )  B_SPLINE_CURVE ( 3, ( #2491, #61, #2049, #762 ),
 .UNSPECIFIED., .F., .T. ) 
 B_SPLINE_CURVE_WITH_KNOTS ( ( 4, 4 ),
 ( 0.000000000000000000, 1.570796326794896558 ),
 .UNSPECIFIED. ) 
 CURVE ( )  GEOMETRIC_REPRESENTATION_ITEM ( )  RATIONAL_B_SPLINE_CURVE ( ( 1.000000000000000000, 0.8047378541243649375, 0.8047378541243649375, 1.000000000000000000 ) ) 
 REPRESENTATION_ITEM ( '' )  );
#2690 = SURFACE_STYLE_USAGE ( .BOTH. , #2038 ) ;
#2691 = UNCERTAINTY_MEASURE_WITH_UNIT (LENGTH_MEASURE( 1.000000000000000082E-05 ), #1643, 'distance_accuracy_value', 'NONE');
#2692 = DIRECTION ( 'NONE',  ( 0.5773502691896250649, 0.5773502691896250649, -0.5773502691896269523 ) ) ;
#2693 = EDGE_CURVE ( 'NONE', #2584, #423, #997, .T. ) ;
#2694 =( LENGTH_UNIT ( ) NAMED_UNIT ( * ) SI_UNIT ( .MILLI., .METRE. ) );
#2695 = ORIENTED_EDGE ( 'NONE', *, *, #1663, .F. ) ;
#2696 = CARTESIAN_POINT ( 'NONE',  ( -1.655000000000000027, -1.598280802577860042E-15, 0.000000000000000000 ) ) ;
#2697 = PRESENTATION_STYLE_ASSIGNMENT (( #1797 ) ) ;
#2698 =( NAMED_UNIT ( * ) SI_UNIT ( $, .STERADIAN. ) SOLID_ANGLE_UNIT ( ) );
#2699 = FILL_AREA_STYLE ('',( #2022 ) ) ;
#2700 = COLOUR_RGB ( '',0.2862745098039215508, 0.2862745098039215508, 0.2862745098039215508 ) ;
#2701 =( LENGTH_UNIT ( ) NAMED_UNIT ( * ) SI_UNIT ( .MILLI., .METRE. ) );
#2702 = CARTESIAN_POINT ( 'NONE',  ( 2.640000000000000124, 2.640000000000000124, 0.1000000000000000056 ) ) ;
#2703 = AXIS2_PLACEMENT_3D ( 'NONE', #1385, #2237, #1600 ) ;
#2704 = CARTESIAN_POINT ( 'NONE',  ( 2.597735026918961854, -2.697735026918963719, 0.04226497308103701472 ) ) ;
#2705 = CARTESIAN_POINT ( 'NONE',  ( -1.154999999999999583, 2.100000000000000089, -0.09585786437626885037 ) ) ;
#2706 = MECHANICAL_DESIGN_GEOMETRIC_PRESENTATION_REPRESENTATION (  '', ( #1437 ), #2615 ) ;
#2707 =( GEOMETRIC_REPRESENTATION_CONTEXT ( 3 ) GLOBAL_UNCERTAINTY_ASSIGNED_CONTEXT ( ( #2662 ) ) GLOBAL_UNIT_ASSIGNED_CONTEXT ( ( #2388, #2733, #904 ) ) REPRESENTATION_CONTEXT ( 'NONE', 'WORKASPACE' ) );
#2708 = CIRCLE ( 'NONE', #936, 0.09999999999999982514 ) ;
#2709 =( BOUNDED_CURVE ( )  B_SPLINE_CURVE ( 3, ( #1546, #475, #2461, #2682 ),
 .UNSPECIFIED., .F., .T. ) 
 B_SPLINE_CURVE_WITH_KNOTS ( ( 4, 4 ),
 ( 0.000000000000000000, 1.570796326794940079 ),
 .UNSPECIFIED. ) 
 CURVE ( )  GEOMETRIC_REPRESENTATION_ITEM ( )  RATIONAL_B_SPLINE_CURVE ( ( 1.000000000000000000, 0.8047378541243547234, 0.8047378541243547234, 1.000000000000000000 ) ) 
 REPRESENTATION_ITEM ( '' )  );
#2710 = DIRECTION ( 'NONE',  ( 0.000000000000000000, 0.000000000000000000, -1.000000000000000000 ) ) ;
#2711 = STYLED_ITEM ( 'NONE', ( #1749 ), #927 ) ;
#2712 = PRODUCT ( 'Leads', 'Leads', '', ( #1541 ) ) ;
#2713 = COLOUR_RGB ( '',0.8313725490196077761, 0.8313725490196077761, 0.8313725490196077761 ) ;
#2714 = EDGE_LOOP ( 'NONE', ( #2474, #1022, #2151, #1053, #2609 ) ) ;
#2715 = EDGE_CURVE ( 'NONE', #34, #2766, #1361, .T. ) ;
#2716 = DIRECTION ( 'NONE',  ( 1.000000000000000000, 0.000000000000000000, 0.000000000000000000 ) ) ;
#2717 =( LENGTH_UNIT ( ) NAMED_UNIT ( * ) SI_UNIT ( .MILLI., .METRE. ) );
#2718 = ADVANCED_FACE ( 'NONE', ( #60 ), #1165, .T. ) ;
#2719 =( NAMED_UNIT ( * ) SI_UNIT ( $, .STERADIAN. ) SOLID_ANGLE_UNIT ( ) );
#2720 = SURFACE_STYLE_FILL_AREA ( #2217 ) ;
#2721 = FILL_AREA_STYLE ('',( #1798 ) ) ;
#2722 = ORIENTED_EDGE ( 'NONE', *, *, #1637, .T. ) ;
#2723 = FILL_AREA_STYLE_COLOUR ( '', #1305 ) ;
#2724 = CARTESIAN_POINT ( 'NONE',  ( -2.597735026918963186, 2.697735026918962387, 0.04226497308103781270 ) ) ;
#2725 = SURFACE_STYLE_FILL_AREA ( #742 ) ;
#2726 = CARTESIAN_POINT ( 'NONE',  ( -1.165000000000000258, -2.090000000000000302, -0.09999999999999999167 ) ) ;
#2727 = UNCERTAINTY_MEASURE_WITH_UNIT (LENGTH_MEASURE( 1.000000000000000082E-05 ), #1845, 'distance_accuracy_value', 'NONE');
#2728 =( LENGTH_UNIT ( ) NAMED_UNIT ( * ) SI_UNIT ( .MILLI., .METRE. ) );
#2729 = CARTESIAN_POINT ( 'NONE',  ( -1.155000000000000027, 2.100000000000000089, -0.08999999999999999667 ) ) ;
#2730 = EDGE_LOOP ( 'NONE', ( #554, #791, #1441, #62 ) ) ;
#2731 = ADVANCED_FACE ( 'NONE', ( #2783 ), #2311, .F. ) ;
#2732 = PRESENTATION_STYLE_ASSIGNMENT (( #2265 ) ) ;
#2733 =( NAMED_UNIT ( * ) PLANE_ANGLE_UNIT ( ) SI_UNIT ( $, .RADIAN. ) );
#2734 =( NAMED_UNIT ( * ) SI_UNIT ( $, .STERADIAN. ) SOLID_ANGLE_UNIT ( ) );
#2735 = EDGE_CURVE ( 'NONE', #1657, #1061, #1315, .T. ) ;
#2736 = VERTEX_POINT ( 'NONE', #1050 ) ;
#2737 = CARTESIAN_POINT ( 'NONE',  ( 2.631030663926139823, 2.673062582892962613, 4.875094501859786433 ) ) ;
#2738 = ORIENTED_EDGE ( 'NONE', *, *, #1742, .T. ) ;
#2739 = CARTESIAN_POINT ( 'NONE',  ( 2.573062582892962524, 2.615094501859785758, 0.008969336073859877911 ) ) ;
#2740 = CARTESIAN_POINT ( 'NONE',  ( 1.165000000000000702, -1.050000000000000044, -0.09999999999999999167 ) ) ;
#2741 = DIRECTION ( 'NONE',  ( 1.000000000000000000, 0.000000000000000000, 0.000000000000000000 ) ) ;
#2742 = VERTEX_POINT ( 'NONE', #1659 ) ;
#2743 = CARTESIAN_POINT ( 'NONE',  ( -1.154999999999999805, 2.100000000000000089, -0.08999999999999999667 ) ) ;
#2744 = CYLINDRICAL_SURFACE ( 'NONE', #2040, 0.01000000000000002623 ) ;
#2745 = FILL_AREA_STYLE ('',( #2111 ) ) ;
#2746 = DIRECTION ( 'NONE',  ( -1.000000000000000000, 0.000000000000000000, 9.486769009248179575E-16 ) ) ;
#2747 = FILL_AREA_STYLE_COLOUR ( '', #1280 ) ;
#2748 =( NAMED_UNIT ( * ) SI_UNIT ( $, .STERADIAN. ) SOLID_ANGLE_UNIT ( ) );
#2749 = EDGE_CURVE ( 'NONE', #747, #230, #767, .T. ) ;
#2750 = DIRECTION ( 'NONE',  ( 0.000000000000000000, -0.000000000000000000, 1.000000000000000000 ) ) ;
#2751 = EDGE_LOOP ( 'NONE', ( #982, #1016, #1168, #94, #1544, #316 ) ) ;
#2752 = PRESENTATION_LAYER_ASSIGNMENT (  '', '', ( #759 ) ) ;
#2753 = UNCERTAINTY_MEASURE_WITH_UNIT (LENGTH_MEASURE( 1.000000000000000082E-05 ), #1810, 'distance_accuracy_value', 'NONE');
#2754 =( BOUNDED_CURVE ( )  B_SPLINE_CURVE ( 3, ( #232, #1988, #2705, #2901 ),
 .UNSPECIFIED., .F., .T. ) 
 B_SPLINE_CURVE_WITH_KNOTS ( ( 4, 4 ),
 ( 1.570796326794940079, 3.141592653589793116 ),
 .UNSPECIFIED. ) 
 CURVE ( )  GEOMETRIC_REPRESENTATION_ITEM ( )  RATIONAL_B_SPLINE_CURVE ( ( 1.000000000000000000, 0.8047378541243752625, 0.8047378541243752625, 1.000000000000000000 ) ) 
 REPRESENTATION_ITEM ( '' )  );
#2755 = AXIS2_PLACEMENT_3D ( 'NONE', #190, #870, #2637 ) ;
#2756 = VECTOR ( 'NONE', #1721, 1000.000000000000000 ) ;
#2757 = DIRECTION ( 'NONE',  ( -0.8164965809277261455, 0.4082482904638630727, -0.4082482904638630727 ) ) ;
#2758 = SURFACE_SIDE_STYLE ('',( #1850 ) ) ;
#2759 = PRESENTATION_LAYER_ASSIGNMENT (  '', '', ( #1521 ) ) ;
#2760 = SURFACE_SIDE_STYLE ('',( #1612 ) ) ;
#2761 = ORIENTED_EDGE ( 'NONE', *, *, #2315, .F. ) ;
#2762 = CARTESIAN_POINT ( 'NONE',  ( 0.000000000000000000, 0.000000000000000000, 0.000000000000000000 ) ) ;
#2763 = COLOUR_RGB ( '',0.2862745098039215508, 0.2862745098039215508, 0.2862745098039215508 ) ;
#2764 = COLOUR_RGB ( '',0.2862745098039215508, 0.2862745098039215508, 0.2862745098039215508 ) ;
#2765 = PRESENTATION_LAYER_ASSIGNMENT (  '', '', ( #1775 ) ) ;
#2766 = VERTEX_POINT ( 'NONE', #990 ) ;
#2767 = COLOUR_RGB ( '',0.9607843137254902244, 0.9607843137254902244, 0.9607843137254902244 ) ;
#2768 = CARTESIAN_POINT ( 'NONE',  ( 2.640000000000000124, 2.740000000000000213, 0.000000000000000000 ) ) ;
#2769 = VERTEX_POINT ( 'NONE', #1676 ) ;
#2770 =( NAMED_UNIT ( * ) PLANE_ANGLE_UNIT ( ) SI_UNIT ( $, .RADIAN. ) );
#2771 = ADVANCED_FACE ( 'NONE', ( #2582 ), #354, .T. ) ;
#2772 = CARTESIAN_POINT ( 'NONE',  ( 2.633309800894467312, -2.688839264947465946, 4.904368729000466054 ) ) ;
#2773 = PRESENTATION_STYLE_ASSIGNMENT (( #780 ) ) ;
#2774 = ADVANCED_FACE ( 'NONE', ( #2170 ), #162, .T. ) ;
#2775 =( BOUNDED_SURFACE ( )  B_SPLINE_SURFACE ( 3, 3, ( 
 ( #2592, #2337, #1196, #805 ),
 ( #2310, #2077, #73, #1018 ),
 ( #2772, #1634, #2120, #119 ),
 ( #2541, #2561, #1892, #2134 ) ),
 .UNSPECIFIED., .F., .F., .T. ) 
 B_SPLINE_SURFACE_WITH_KNOTS ( ( 4, 4 ),
 ( 4, 4 ),
 ( 0.000000000000000000, 1.000000000000000000 ),
 ( 0.000000000000000000, 1.000000000000000000 ),
 .UNSPECIFIED. ) 
 GEOMETRIC_REPRESENTATION_ITEM ( )  RATIONAL_B_SPLINE_SURFACE ( (
 ( 1.000000000000000000, 0.3333333333333334259, 0.3333333333333334259, 1.000000000000000000),
 ( 0.9245018060306372520, 0.3081672686768791580, 0.3081672686768791580, 0.9245018060306372520),
 ( 0.9245018060306372520, 0.3081672686768791580, 0.3081672686768791580, 0.9245018060306372520),
 ( 1.000000000000000000, 0.3333333333333334259, 0.3333333333333334259, 1.000000000000000000) ) ) 
 REPRESENTATION_ITEM ( '' )  SURFACE ( )  );
#2776 = ORIENTED_EDGE ( 'NONE', *, *, #2403, .T. ) ;
#2777 = DIRECTION ( 'NONE',  ( -0.000000000000000000, -1.000000000000000000, 0.000000000000000000 ) ) ;
#2778 = DIRECTION ( 'NONE',  ( 0.000000000000000000, 0.000000000000000000, -1.000000000000000000 ) ) ;
#2779 =( LENGTH_UNIT ( ) NAMED_UNIT ( * ) SI_UNIT ( .MILLI., .METRE. ) );
#2780 = FILL_AREA_STYLE ('',( #970 ) ) ;
#2781 = CARTESIAN_POINT ( 'NONE',  ( 2.540000000000000480, 2.640000000000000124, 0.09999999999999982514 ) ) ;
#2782 = EDGE_LOOP ( 'NONE', ( #2280, #2188, #127, #2307 ) ) ;
#2783 = FACE_OUTER_BOUND ( 'NONE', #1047, .T. ) ;
#2784 =( LENGTH_UNIT ( ) NAMED_UNIT ( * ) SI_UNIT ( .MILLI., .METRE. ) );
#2785 = SURFACE_SIDE_STYLE ('',( #532 ) ) ;
#2786 = ORIENTED_EDGE ( 'NONE', *, *, #304, .T. ) ;
#2787 = EDGE_CURVE ( 'NONE', #267, #1492, #305, .T. ) ;
#2788 = CARTESIAN_POINT ( 'NONE',  ( -2.540000000000000036, 2.640000000000000124, 0.1000000000000000056 ) ) ;
#2789 = CARTESIAN_POINT ( 'NONE',  ( -1.970803435900464695, 0.000000000000000000, 0.002000000000000000909 ) ) ;
#2790 = FACE_OUTER_BOUND ( 'NONE', #2730, .T. ) ;
#2791 = ORIENTED_EDGE ( 'NONE', *, *, #536, .T. ) ;
#2792 = FILL_AREA_STYLE_COLOUR ( '', #1266 ) ;
#2793 = EDGE_LOOP ( 'NONE', ( #2336, #104, #628, #133 ) ) ;
#2794 = VECTOR ( 'NONE', #306, 1000.000000000000000 ) ;
#2795 = SURFACE_STYLE_FILL_AREA ( #590 ) ;
#2796 = DIRECTION ( 'NONE',  ( 0.000000000000000000, 0.000000000000000000, 1.000000000000000000 ) ) ;
#2797 =( NAMED_UNIT ( * ) SI_UNIT ( $, .STERADIAN. ) SOLID_ANGLE_UNIT ( ) );
#2798 = MECHANICAL_DESIGN_GEOMETRIC_PRESENTATION_REPRESENTATION (  '', ( #2565 ), #931 ) ;
#2799 = EDGE_LOOP ( 'NONE', ( #1499, #1719, #2092, #2589, #958 ) ) ;
#2800 = AXIS2_PLACEMENT_3D ( 'NONE', #1970, #1568, #1525 ) ;
#2801 = DIRECTION ( 'NONE',  ( -0.000000000000000000, -0.000000000000000000, -1.000000000000000000 ) ) ;
#2802 = COLOUR_RGB ( '',0.8313725490196077761, 0.8313725490196077761, 0.8313725490196077761 ) ;
#2803 = CARTESIAN_POINT ( 'NONE',  ( -2.652167334400297616, 2.694088753711016526, 4.906948992645575380 ) ) ;
#2804 = EDGE_CURVE ( 'NONE', #643, #1136, #241, .T. ) ;
#2805 = VECTOR ( 'NONE', #1816, 1000.000000000000000 ) ;
#2806 =( GEOMETRIC_REPRESENTATION_CONTEXT ( 3 ) GLOBAL_UNCERTAINTY_ASSIGNED_CONTEXT ( ( #28 ) ) GLOBAL_UNIT_ASSIGNED_CONTEXT ( ( #2075, #1586, #453 ) ) REPRESENTATION_CONTEXT ( 'NONE', 'WORKASPACE' ) );
#2807 =( BOUNDED_CURVE ( )  B_SPLINE_CURVE ( 3, ( #999, #979, #2083, #2058 ),
 .UNSPECIFIED., .F., .T. ) 
 B_SPLINE_CURVE_WITH_KNOTS ( ( 4, 4 ),
 ( 0.000000000000000000, 1.570796326794940079 ),
 .UNSPECIFIED. ) 
 CURVE ( )  GEOMETRIC_REPRESENTATION_ITEM ( )  RATIONAL_B_SPLINE_CURVE ( ( 1.000000000000000000, 0.8047378541243547234, 0.8047378541243547234, 1.000000000000000000 ) ) 
 REPRESENTATION_ITEM ( '' )  );
#2808 = CARTESIAN_POINT ( 'NONE',  ( 1.165000000000000036, -1.050000000000000044, -0.08999999999999999667 ) ) ;
#2809 = FILL_AREA_STYLE_COLOUR ( '', #2147 ) ;
#2810 = FACE_OUTER_BOUND ( 'NONE', #14, .T. ) ;
#2811 = EDGE_CURVE ( 'NONE', #538, #1614, #698, .T. ) ;
#2812 = CARTESIAN_POINT ( 'NONE',  ( -2.639999999999998792, -2.640000000000000124, 0.000000000000000000 ) ) ;
#2813 = VECTOR ( 'NONE', #1979, 1000.000000000000000 ) ;
#2814 = ORIENTED_EDGE ( 'NONE', *, *, #1956, .F. ) ;
#2815 =( NAMED_UNIT ( * ) SI_UNIT ( $, .STERADIAN. ) SOLID_ANGLE_UNIT ( ) );
#2816 = VECTOR ( 'NONE', #1887, 1000.000000000000000 ) ;
#2817 = FILL_AREA_STYLE_COLOUR ( '', #604 ) ;
#2818 = VECTOR ( 'NONE', #2710, 1000.000000000000000 ) ;
#2819 = PRESENTATION_STYLE_ASSIGNMENT (( #1240 ) ) ;
#2820 = ORIENTED_EDGE ( 'NONE', *, *, #588, .T. ) ;
#2821 = DIRECTION ( 'NONE',  ( 0.000000000000000000, 0.000000000000000000, 1.000000000000000000 ) ) ;
#2822 =( NAMED_UNIT ( * ) PLANE_ANGLE_UNIT ( ) SI_UNIT ( $, .RADIAN. ) );
#2823 = CARTESIAN_POINT ( 'NONE',  ( -2.691539568547496764, 2.593018577200451258, 4.941959649094455287 ) ) ;
#2824 = APPLICATION_CONTEXT ( 'automotive_design' ) ;
#2825 = CYLINDRICAL_SURFACE ( 'NONE', #1992, 0.009999999999999998473 ) ;
#2826 = EDGE_CURVE ( 'NONE', #2085, #247, #1157, .T. ) ;
#2827 = VERTEX_POINT ( 'NONE', #288 ) ;
#2828 = CARTESIAN_POINT ( 'NONE',  ( -2.597735026918962742, 2.674165146386243475, 4.981304907451685970 ) ) ;
#2829 = PRESENTATION_STYLE_ASSIGNMENT (( #2604 ) ) ;
#2830 = CARTESIAN_POINT ( 'NONE',  ( -2.901953770221419907E-16, 3.869271693628569901E-16, 0.000000000000000000 ) ) ;
#2831 = FACE_OUTER_BOUND ( 'NONE', #2680, .T. ) ;
#2832 = VERTEX_POINT ( 'NONE', #2743 ) ;
#2833 = ITEM_DEFINED_TRANSFORMATION ( 'NONE', 'NONE', #991,  #1861 ) ;
#2834 = FILL_AREA_STYLE ('',( #2109 ) ) ;
#2835 = UNCERTAINTY_MEASURE_WITH_UNIT (LENGTH_MEASURE( 1.000000000000000082E-05 ), #2428, 'distance_accuracy_value', 'NONE');
#2836 = CARTESIAN_POINT ( 'NONE',  ( 2.544368729000466622, 2.688839264947466390, 4.993309800894468964 ) ) ;
#2837 = DIRECTION ( 'NONE',  ( -1.000000000000000000, -1.051347561198070012E-16, 0.000000000000000000 ) ) ;
#2838 = FILL_AREA_STYLE ('',( #1935 ) ) ;
#2839 = ORIENTED_EDGE ( 'NONE', *, *, #2119, .F. ) ;
#2840 = DIRECTION ( 'NONE',  ( -0.000000000000000000, -0.000000000000000000, -1.000000000000000000 ) ) ;
#2841 = EDGE_CURVE ( 'NONE', #34, #31, #1854, .T. ) ;
#2842 =( NAMED_UNIT ( * ) SI_UNIT ( $, .STERADIAN. ) SOLID_ANGLE_UNIT ( ) );
#2843 = FILL_AREA_STYLE ('',( #1941 ) ) ;
#2844 = CONTEXT_DEPENDENT_SHAPE_REPRESENTATION ( #634, #1914 ) ;
#2845 =( NAMED_UNIT ( * ) SI_UNIT ( $, .STERADIAN. ) SOLID_ANGLE_UNIT ( ) );
#2846 = AXIS2_PLACEMENT_3D ( 'NONE', #2169, #1107, #2660 ) ;
#2847 = STYLED_ITEM ( 'NONE', ( #2550 ), #1292 ) ;
#2848 = CARTESIAN_POINT ( 'NONE',  ( 2.448158727481964281, 2.806934131648606723, 4.924094889548319642 ) ) ;
#2849 = CYLINDRICAL_SURFACE ( 'NONE', #3, 0.09999999999999982514 ) ;
#2850 = AXIS2_PLACEMENT_3D ( 'NONE', #2316, #752, #1413 ) ;
#2851 = CARTESIAN_POINT ( 'NONE',  ( -2.540000000000000036, 2.640000000000000124, 0.1000000000000000056 ) ) ;
#2852 = VECTOR ( 'NONE', #1114, 1000.000000000000000 ) ;
#2853 = EDGE_LOOP ( 'NONE', ( #672, #2255, #2839, #106 ) ) ;
#2854 = AXIS2_PLACEMENT_3D ( 'NONE', #954, #100, #2778 ) ;
#2855 = DIRECTION ( 'NONE',  ( 0.000000000000000000, -1.000000000000000000, -0.000000000000000000 ) ) ;
#2856 = PRESENTATION_LAYER_ASSIGNMENT (  '', '', ( #1224 ) ) ;
#2857 = ADVANCED_FACE ( 'NONE', ( #255 ), #1796, .T. ) ;
#2858 = PLANE ( 'NONE',  #2659 ) ;
#2859 = COLOUR_RGB ( '',0.9607843137254902244, 0.9607843137254902244, 0.9607843137254902244 ) ;
#2860 = CARTESIAN_POINT ( 'NONE',  ( 0.000000000000000000, 0.000000000000000000, 0.1000000000000000056 ) ) ;
#2861 = DIRECTION ( 'NONE',  ( 0.000000000000000000, -0.000000000000000000, -1.000000000000000000 ) ) ;
#2862 = AXIS2_PLACEMENT_3D ( 'NONE', #2600, #2837, #866 ) ;
#2863 = EDGE_CURVE ( 'NONE', #1453, #1492, #2019, .T. ) ;
#2864 =( LENGTH_UNIT ( ) NAMED_UNIT ( * ) SI_UNIT ( .MILLI., .METRE. ) );
#2865 = DIRECTION ( 'NONE',  ( -1.000000000000000000, 0.000000000000000000, 0.000000000000000000 ) ) ;
#2866 = STYLED_ITEM ( 'NONE', ( #2284 ), #694 ) ;
#2867 = CARTESIAN_POINT ( 'NONE',  ( -1.970803435900464695, 2.295620638476868258, 0.000000000000000000 ) ) ;
#2868 = ORIENTED_EDGE ( 'NONE', *, *, #430, .T. ) ;
#2869 = CARTESIAN_POINT ( 'NONE',  ( 2.540000000000000036, 2.640000000000000124, 4.900000000000000355 ) ) ;
#2870 =( LENGTH_UNIT ( ) NAMED_UNIT ( * ) SI_UNIT ( .MILLI., .METRE. ) );
#2871 = FACE_OUTER_BOUND ( 'NONE', #1569, .T. ) ;
#2872 =( NAMED_UNIT ( * ) PLANE_ANGLE_UNIT ( ) SI_UNIT ( $, .RADIAN. ) );
#2873 = SURFACE_SIDE_STYLE ('',( #2210 ) ) ;
#2874 = FACE_OUTER_BOUND ( 'NONE', #1890, .T. ) ;
#2875 = ORIENTED_EDGE ( 'NONE', *, *, #2024, .T. ) ;
#2876 = LINE ( 'NONE', #1772, #2488 ) ;
#2877 = DIRECTION ( 'NONE',  ( 1.000000000000000000, 0.000000000000000000, -0.000000000000000000 ) ) ;
#2878 = CARTESIAN_POINT ( 'NONE',  ( 2.621304907451683874, -2.697735026918963275, 4.934165146386243705 ) ) ;
#2879 = CARTESIAN_POINT ( 'NONE',  ( -2.573062582892962524, -2.731030663926139468, 0.1249054981402146214 ) ) ;
#2880 = DIRECTION ( 'NONE',  ( -0.000000000000000000, 1.000000000000000000, 0.000000000000000000 ) ) ;
#2881 = CARTESIAN_POINT ( 'NONE',  ( -2.515094501859785225, -2.673062582892962169, 4.991030663926140143 ) ) ;
#2882 = FACE_OUTER_BOUND ( 'NONE', #1300, .T. ) ;
#2883 = APPLICATION_PROTOCOL_DEFINITION ( 'draft international standard', 'automotive_design', 1998, #1873 ) ;
#2884 = CARTESIAN_POINT ( 'NONE',  ( 2.597735026918962298, 2.697735026918962831, 0.04226497308103732697 ) ) ;
#2885 = CARTESIAN_POINT ( 'NONE',  ( 2.581959649094452747, -2.791539568547496852, 0.1469814227995486777 ) ) ;
#2886 = EDGE_LOOP ( 'NONE', ( #1036, #1436, #1274, #2114 ) ) ;
#2887 = STYLED_ITEM ( 'NONE', ( #1231 ), #733 ) ;
#2888 = CIRCLE ( 'NONE', #380, 0.09999999999999982514 ) ;
#2889 = CARTESIAN_POINT ( 'NONE',  ( -2.588839264947467189, -2.733309800894466512, 0.09563127099953411259 ) ) ;
#2890 = ADVANCED_FACE ( 'NONE', ( #748 ), #473, .T. ) ;
#2891 = FILL_AREA_STYLE_COLOUR ( '', #2161 ) ;
#2892 = PRODUCT_DEFINITION_SHAPE ( 'NONE', 'NONE',  #1830 ) ;
#2893 = STYLED_ITEM ( 'NONE', ( #1869 ), #1075 ) ;
#2894 = ADVANCED_BREP_SHAPE_REPRESENTATION ( '', ( #2640, #1861 ), #1577 ) ;
#2895 = VERTEX_POINT ( 'NONE', #535 ) ;
#2896 = PRESENTATION_LAYER_ASSIGNMENT (  '', '', ( #1304 ) ) ;
#2897 = EDGE_CURVE ( 'NONE', #2895, #395, #359, .T. ) ;
#2898 = DIRECTION ( 'NONE',  ( 0.000000000000000000, 0.000000000000000000, -1.000000000000000000 ) ) ;
#2899 = ORIENTED_EDGE ( 'NONE', *, *, #2440, .F. ) ;
#2900 = CARTESIAN_POINT ( 'NONE',  ( 2.574165146386242053, -2.697735026918962831, 0.01869509254831676695 ) ) ;
#2901 = CARTESIAN_POINT ( 'NONE',  ( -1.154999999999999805, 2.100000000000000089, -0.08999999999999999667 ) ) ;
#2902 = AXIS2_PLACEMENT_3D ( 'NONE', #317, #1523, #666 ) ;
#2903 = NEXT_ASSEMBLY_USAGE_OCCURRENCE ( 'NAUO1', ' ', ' ', #1830, #2475, $ ) ;
#2904 = NEXT_ASSEMBLY_USAGE_OCCURRENCE ( 'NAUO2', ' ', ' ', #1830, #839, $ ) ;
#2905 = NEXT_ASSEMBLY_USAGE_OCCURRENCE ( 'NAUO3', ' ', ' ', #1830, #280, $ ) ;
ENDSEC;
END-ISO-10303-21;
